id,fonte,tipo,titolo,descrizione,ente_nome,ente_paese,regione,importo_min,importo_max,importo_stimato,valuta,data_pubblicazione,data_scadenza,stato,url_originale,url_pdf,settori,destinatari,cpv_codes
MUR-PRIN-HYBRID-2026,MUR,ricerca_nazionale,PRIN Hybrid 2026 — Progetti multidisciplinari,Bando per progetti multidisciplinari che integrano scienze umane e nuove tecnologie. Dotazione: €56.600.000. Focalizzato su tecnologie emergenti con approccio interdisciplinare.,MUR — Ministero dell'Università e della Ricerca,IT,,,,56600000.0,EUR,2026-04-20,2026-06-04,attivo,https://www.mur.gov.it/it/news/lunedi-20042026/ricerca-arriva-prin-hybrid,,multidisciplinare|ricerca|tecnologie_emergenti,enti_ricerca|ricercatori|universita,
MUR-PRIN-2026,MUR,ricerca_nazionale,PRIN 2026 — Progetti di Rilevante Interesse Nazionale,"Bando per il finanziamento di progetti di ricerca fondamentale di rilevante interesse nazionale. Dotazione: €259.889.354. Aree: Life Sciences (35%), Physical Sciences & Engineering (35%), Social Sciences & Humanities (30%). Durata progetto: 3 anni, 4-6 unità di ricerca. 15% risorse riservato a PI under 40.",MUR — Ministero dell'Università e della Ricerca,IT,,1000000.0,1200000.0,259889354.0,EUR,2026-04-10,2026-06-01,attivo,https://www.mur.gov.it/it/aree-tematiche/ricerca/programmi-di-finanziamento/progetti-di-rilevante-interesse-nazionale-prin/prin-2026,https://www.mur.gov.it/sites/default/files/2026-04/D.D.%20n.%202298%20del%2010-04-2026%20BANDO%20PRIN%202026.pdf,fisica|ricerca|scienze_sociali|scienze_vita,enti_ricerca|ricercatori|universita,
OC-PSCABRUZZO2021,OpenCoesione,appalto_servizi,ACCORDO COESIONE ABRUZZO - FSC ANTICIPAZIONI,ACCORDO COESIONE ABRUZZO - FSC ANTICIPAZIONI,OpenCoesione / Fondi UE,IT,Abruzzo,,,,EUR,,,attivo,https://opencoesione.gov.it/it/api/programmi/PSCABRUZZO2021/?format=json,,pubblica_amministrazione,enti_pubblici|pa,
OC-ACCOESABRUZZO,OpenCoesione,appalto_servizi,ACCORDO COESIONE ABRUZZO - FSC ORDINARIO,ACCORDO COESIONE ABRUZZO - FSC ORDINARIO,OpenCoesione / Fondi UE,IT,Abruzzo,,,,EUR,,,attivo,https://opencoesione.gov.it/it/api/programmi/ACCOESABRUZZO/?format=json,,pubblica_amministrazione,enti_pubblici|pa,
OC-PSCBASILIC2021,OpenCoesione,appalto_servizi,ACCORDO COESIONE BASILICATA - FSC ANTICIPAZIONI,ACCORDO COESIONE BASILICATA - FSC ANTICIPAZIONI,OpenCoesione / Fondi UE,IT,Basilicata,,,,EUR,,,attivo,https://opencoesione.gov.it/it/api/programmi/PSCBASILIC2021/?format=json,,pubblica_amministrazione,enti_pubblici|pa,
OC-ACCOESBASILICATA,OpenCoesione,appalto_servizi,ACCORDO COESIONE BASILICATA - FSC ORDINARIO,ACCORDO COESIONE BASILICATA - FSC ORDINARIO,OpenCoesione / Fondi UE,IT,Basilicata,,,,EUR,,,attivo,https://opencoesione.gov.it/it/api/programmi/ACCOESBASILICATA/?format=json,,pubblica_amministrazione,enti_pubblici|pa,
OC-ACCOESBASILICAT,OpenCoesione,appalto_servizi,ACCORDO COESIONE BASILICATA - FSC ORDINARIO,ACCORDO COESIONE BASILICATA - FSC ORDINARIO,OpenCoesione / Fondi UE,IT,Basilicata,,,,EUR,,,attivo,https://opencoesione.gov.it/it/api/programmi/ACCOESBASILICAT/?format=json,,pubblica_amministrazione,enti_pubblici|pa,
OC-PSCCALABRIA2021,OpenCoesione,appalto_servizi,ACCORDO COESIONE CALABRIA - FSC ANTICIPAZIONI,ACCORDO COESIONE CALABRIA - FSC ANTICIPAZIONI,OpenCoesione / Fondi UE,IT,Calabria,,,,EUR,,,attivo,https://opencoesione.gov.it/it/api/programmi/PSCCALABRIA2021/?format=json,,pubblica_amministrazione,enti_pubblici|pa,
OC-ACCOESCALABRIA,OpenCoesione,appalto_servizi,ACCORDO COESIONE CALABRIA - FSC ORDINARIO,ACCORDO COESIONE CALABRIA - FSC ORDINARIO,OpenCoesione / Fondi UE,IT,Calabria,,,,EUR,,,attivo,https://opencoesione.gov.it/it/api/programmi/ACCOESCALABRIA/?format=json,,pubblica_amministrazione,enti_pubblici|pa,
OC-PSCCAMPANIA2021,OpenCoesione,appalto_servizi,ACCORDO COESIONE CAMPANIA - FSC ANTICIPAZIONI,ACCORDO COESIONE CAMPANIA - FSC ANTICIPAZIONI,OpenCoesione / Fondi UE,IT,Campania,,,,EUR,,,attivo,https://opencoesione.gov.it/it/api/programmi/PSCCAMPANIA2021/?format=json,,pubblica_amministrazione,enti_pubblici|pa,
OC-ACCBAGNCAMPANIA,OpenCoesione,appalto_servizi,ACCORDO COESIONE CAMPANIA - FSC BAGNOLI,ACCORDO COESIONE CAMPANIA - FSC BAGNOLI,OpenCoesione / Fondi UE,IT,Campania,,,,EUR,,,attivo,https://opencoesione.gov.it/it/api/programmi/ACCBAGNCAMPANIA/?format=json,,pubblica_amministrazione,enti_pubblici|pa,
OC-ACCOESCAMPANIA,OpenCoesione,appalto_servizi,ACCORDO COESIONE CAMPANIA - FSC ORDINARIO E FDR,ACCORDO COESIONE CAMPANIA - FSC ORDINARIO E FDR,OpenCoesione / Fondi UE,IT,Campania,,,,EUR,,,attivo,https://opencoesione.gov.it/it/api/programmi/ACCOESCAMPANIA/?format=json,,pubblica_amministrazione,enti_pubblici|pa,
OC-ACCSTRCAMPANIA,OpenCoesione,appalto_servizi,ACCORDO COESIONE CAMPANIA - FSC STRALCIO,ACCORDO COESIONE CAMPANIA - FSC STRALCIO,OpenCoesione / Fondi UE,IT,Campania,,,,EUR,,,attivo,https://opencoesione.gov.it/it/api/programmi/ACCSTRCAMPANIA/?format=json,,pubblica_amministrazione,enti_pubblici|pa,
OC-PSCEMROMAG2021,OpenCoesione,appalto_servizi,ACCORDO COESIONE EMILIA ROMAGNA - FSC ANTICIPAZIONI,ACCORDO COESIONE EMILIA ROMAGNA - FSC ANTICIPAZIONI,OpenCoesione / Fondi UE,IT,,,,,EUR,,,attivo,https://opencoesione.gov.it/it/api/programmi/PSCEMROMAG2021/?format=json,,pubblica_amministrazione,enti_pubblici|pa,
OC-ACCOESEMROMAGN,OpenCoesione,appalto_servizi,ACCORDO COESIONE EMILIA ROMAGNA - FSC ORDINARIO,ACCORDO COESIONE EMILIA ROMAGNA - FSC ORDINARIO,OpenCoesione / Fondi UE,IT,,,,,EUR,,,attivo,https://opencoesione.gov.it/it/api/programmi/ACCOESEMROMAGN/?format=json,,pubblica_amministrazione,enti_pubblici|pa,
OC-ACCOESFRIULIVG,OpenCoesione,appalto_servizi,ACCORDO COESIONE FRIULI VENEZIA GIULIA - FSC ORDINARIO,ACCORDO COESIONE FRIULI VENEZIA GIULIA - FSC ORDINARIO,OpenCoesione / Fondi UE,IT,Friuli-Venezia Giulia,,,,EUR,,,attivo,https://opencoesione.gov.it/it/api/programmi/ACCOESFRIULIVG/?format=json,,pubblica_amministrazione,enti_pubblici|pa,
OC-PSCFRIULI2021,OpenCoesione,appalto_servizi,ACCORDO COESIONE FRIULI-VENEZIA GIULIA - FSC ANTICIPAZIONI,ACCORDO COESIONE FRIULI-VENEZIA GIULIA - FSC ANTICIPAZIONI,OpenCoesione / Fondi UE,IT,Friuli-Venezia Giulia,,,,EUR,,,attivo,https://opencoesione.gov.it/it/api/programmi/PSCFRIULI2021/?format=json,,pubblica_amministrazione,enti_pubblici|pa,
OC-ACCOEPCMDTD,OpenCoesione,appalto_servizi,ACCORDO COESIONE INNOVAZIONE TECNOLOGICA E TRANSIZIONE DIGITALE,ACCORDO COESIONE INNOVAZIONE TECNOLOGICA E TRANSIZIONE DIGITALE,OpenCoesione / Fondi UE,IT,,,,,EUR,,,attivo,https://opencoesione.gov.it/it/api/programmi/ACCOEPCMDTD/?format=json,,pubblica_amministrazione,enti_pubblici|pa,
OC-PSCLAZIO2021,OpenCoesione,appalto_servizi,ACCORDO COESIONE LAZIO - FSC ANTICIPAZIONI,ACCORDO COESIONE LAZIO - FSC ANTICIPAZIONI,OpenCoesione / Fondi UE,IT,Lazio,,,,EUR,,,attivo,https://opencoesione.gov.it/it/api/programmi/PSCLAZIO2021/?format=json,,pubblica_amministrazione,enti_pubblici|pa,
OC-ACCOESLAZIO,OpenCoesione,appalto_servizi,ACCORDO COESIONE LAZIO - FSC ORDINARIO,ACCORDO COESIONE LAZIO - FSC ORDINARIO,OpenCoesione / Fondi UE,IT,Lazio,,,,EUR,,,attivo,https://opencoesione.gov.it/it/api/programmi/ACCOESLAZIO/?format=json,,pubblica_amministrazione,enti_pubblici|pa,
OC-PSCLIGURIA2021,OpenCoesione,appalto_servizi,ACCORDO COESIONE LIGURIA - FSC ANTICIPAZIONI,ACCORDO COESIONE LIGURIA - FSC ANTICIPAZIONI,OpenCoesione / Fondi UE,IT,Liguria,,,,EUR,,,attivo,https://opencoesione.gov.it/it/api/programmi/PSCLIGURIA2021/?format=json,,pubblica_amministrazione,enti_pubblici|pa,
OC-ACCOESLIGURIA,OpenCoesione,appalto_servizi,ACCORDO COESIONE LIGURIA - FSC ORDINARIO,ACCORDO COESIONE LIGURIA - FSC ORDINARIO,OpenCoesione / Fondi UE,IT,Liguria,,,,EUR,,,attivo,https://opencoesione.gov.it/it/api/programmi/ACCOESLIGURIA/?format=json,,pubblica_amministrazione,enti_pubblici|pa,
OC-PSCLOMBARD2021,OpenCoesione,appalto_servizi,ACCORDO COESIONE LOMBARDIA - FSC ANTICIPAZIONI,ACCORDO COESIONE LOMBARDIA - FSC ANTICIPAZIONI,OpenCoesione / Fondi UE,IT,Lombardia,,,,EUR,,,attivo,https://opencoesione.gov.it/it/api/programmi/PSCLOMBARD2021/?format=json,,pubblica_amministrazione,enti_pubblici|pa,
OC-ACCOESLOMBARD,OpenCoesione,appalto_servizi,ACCORDO COESIONE LOMBARDIA - FSC ORDINARIO,ACCORDO COESIONE LOMBARDIA - FSC ORDINARIO,OpenCoesione / Fondi UE,IT,Lombardia,,,,EUR,,,attivo,https://opencoesione.gov.it/it/api/programmi/ACCOESLOMBARD/?format=json,,pubblica_amministrazione,enti_pubblici|pa,
OC-PSCMARCHE2021,OpenCoesione,appalto_servizi,ACCORDO COESIONE MARCHE - FSC ANTICIPAZIONI,ACCORDO COESIONE MARCHE - FSC ANTICIPAZIONI,OpenCoesione / Fondi UE,IT,Marche,,,,EUR,,,attivo,https://opencoesione.gov.it/it/api/programmi/PSCMARCHE2021/?format=json,,pubblica_amministrazione,enti_pubblici|pa,
OC-ACCOESMARCHE,OpenCoesione,appalto_servizi,ACCORDO COESIONE MARCHE - FSC ORDINARIO  E FDR,ACCORDO COESIONE MARCHE - FSC ORDINARIO  E FDR,OpenCoesione / Fondi UE,IT,Marche,,,,EUR,,,attivo,https://opencoesione.gov.it/it/api/programmi/ACCOESMARCHE/?format=json,,pubblica_amministrazione,enti_pubblici|pa,
OC-ACCOEMAECI,OpenCoesione,appalto_servizi,ACCORDO COESIONE MINISTERO DEGLI AFFARI ESTERI E DELLA COOPERAZIONE INTERNAZIONALE,ACCORDO COESIONE MINISTERO DEGLI AFFARI ESTERI E DELLA COOPERAZIONE INTERNAZIONALE,OpenCoesione / Fondi UE,IT,,,,,EUR,,,attivo,https://opencoesione.gov.it/it/api/programmi/ACCOEMAECI/?format=json,,pubblica_amministrazione,enti_pubblici|pa,
OC-ACCOEMASAF,OpenCoesione,appalto_servizi,"ACCORDO COESIONE MINISTERO DELL'AGRICOLTURA, DELLA SOVRANITÀ ALIMENTARE E DELLE FORESTE","ACCORDO COESIONE MINISTERO DELL'AGRICOLTURA, DELLA SOVRANITÀ ALIMENTARE E DELLE FORESTE",OpenCoesione / Fondi UE,IT,,,,,EUR,,,attivo,https://opencoesione.gov.it/it/api/programmi/ACCOEMASAF/?format=json,,pubblica_amministrazione,enti_pubblici|pa,
OC-ACCOEMASE,OpenCoesione,appalto_servizi,ACCORDO COESIONE MINISTERO DELL'AMBIENTE E DELLA SICUREZZA ENERGETICA,ACCORDO COESIONE MINISTERO DELL'AMBIENTE E DELLA SICUREZZA ENERGETICA,OpenCoesione / Fondi UE,IT,,,,,EUR,,,attivo,https://opencoesione.gov.it/it/api/programmi/ACCOEMASE/?format=json,,pubblica_amministrazione,enti_pubblici|pa,
OC-ACCOEMIC,OpenCoesione,appalto_servizi,ACCORDO COESIONE MINISTERO DELLA CULTURA,ACCORDO COESIONE MINISTERO DELLA CULTURA,OpenCoesione / Fondi UE,IT,,,,,EUR,,,attivo,https://opencoesione.gov.it/it/api/programmi/ACCOEMIC/?format=json,,pubblica_amministrazione,enti_pubblici|pa,
OC-ACCOEMDIS,OpenCoesione,appalto_servizi,ACCORDO COESIONE MINISTRO PER LE DISABILITA',ACCORDO COESIONE MINISTRO PER LE DISABILITA',OpenCoesione / Fondi UE,IT,,,,,EUR,,,attivo,https://opencoesione.gov.it/it/api/programmi/ACCOEMDIS/?format=json,,pubblica_amministrazione,enti_pubblici|pa,
OC-ACCOEMSPORT,OpenCoesione,appalto_servizi,ACCORDO COESIONE MINISTRO PER LO SPORT E I GIOVANI,ACCORDO COESIONE MINISTRO PER LO SPORT E I GIOVANI,OpenCoesione / Fondi UE,IT,,,,,EUR,,,attivo,https://opencoesione.gov.it/it/api/programmi/ACCOEMSPORT/?format=json,,pubblica_amministrazione,enti_pubblici|pa,
OC-PSCMOLISE2021,OpenCoesione,appalto_servizi,ACCORDO COESIONE MOLISE - FSC ANTICIPAZIONI,ACCORDO COESIONE MOLISE - FSC ANTICIPAZIONI,OpenCoesione / Fondi UE,IT,Molise,,,,EUR,,,attivo,https://opencoesione.gov.it/it/api/programmi/PSCMOLISE2021/?format=json,,pubblica_amministrazione,enti_pubblici|pa,
OC-ACCOESMOLISE,OpenCoesione,appalto_servizi,ACCORDO COESIONE MOLISE - FSC ORDINARIO,ACCORDO COESIONE MOLISE - FSC ORDINARIO,OpenCoesione / Fondi UE,IT,Molise,,,,EUR,,,attivo,https://opencoesione.gov.it/it/api/programmi/ACCOESMOLISE/?format=json,,pubblica_amministrazione,enti_pubblici|pa,
OC-ACCOESBOLZANO,OpenCoesione,appalto_servizi,ACCORDO COESIONE P.A. BOLZANO - FSC ORDINARIO,ACCORDO COESIONE P.A. BOLZANO - FSC ORDINARIO,OpenCoesione / Fondi UE,IT,,,,,EUR,,,attivo,https://opencoesione.gov.it/it/api/programmi/ACCOESBOLZANO/?format=json,,pubblica_amministrazione,enti_pubblici|pa,
OC-ACCOESTRENTO,OpenCoesione,appalto_servizi,ACCORDO COESIONE P.A. TRENTO - FSC ORDINARIO,ACCORDO COESIONE P.A. TRENTO - FSC ORDINARIO,OpenCoesione / Fondi UE,IT,,,,,EUR,,,attivo,https://opencoesione.gov.it/it/api/programmi/ACCOESTRENTO/?format=json,,pubblica_amministrazione,enti_pubblici|pa,
OC-PSCBOLZANO2021,OpenCoesione,appalto_servizi,ACCORDO COESIONE PA BOLZANO - FSC ANTICIPAZIONI,ACCORDO COESIONE PA BOLZANO - FSC ANTICIPAZIONI,OpenCoesione / Fondi UE,IT,,,,,EUR,,,attivo,https://opencoesione.gov.it/it/api/programmi/PSCBOLZANO2021/?format=json,,pubblica_amministrazione,enti_pubblici|pa,
OC-PSCTRENTO2021,OpenCoesione,appalto_servizi,ACCORDO COESIONE PA TRENTO - FSC ANTICIPAZIONI,ACCORDO COESIONE PA TRENTO - FSC ANTICIPAZIONI,OpenCoesione / Fondi UE,IT,,,,,EUR,,,attivo,https://opencoesione.gov.it/it/api/programmi/PSCTRENTO2021/?format=json,,pubblica_amministrazione,enti_pubblici|pa,
OC-PSCPIEMONTE2021,OpenCoesione,appalto_servizi,ACCORDO COESIONE PIEMONTE - FSC ANTICIPAZIONI,ACCORDO COESIONE PIEMONTE - FSC ANTICIPAZIONI,OpenCoesione / Fondi UE,IT,Piemonte,,,,EUR,,,attivo,https://opencoesione.gov.it/it/api/programmi/PSCPIEMONTE2021/?format=json,,pubblica_amministrazione,enti_pubblici|pa,
OC-ACCOESPIEMONTE,OpenCoesione,appalto_servizi,ACCORDO COESIONE PIEMONTE - FSC ORDINARIO,ACCORDO COESIONE PIEMONTE - FSC ORDINARIO,OpenCoesione / Fondi UE,IT,Piemonte,,,,EUR,,,attivo,https://opencoesione.gov.it/it/api/programmi/ACCOESPIEMONTE/?format=json,,pubblica_amministrazione,enti_pubblici|pa,
OC-PSCPUGLIA2021,OpenCoesione,appalto_servizi,ACCORDO COESIONE PUGLIA - FSC ANTICIPAZIONI,ACCORDO COESIONE PUGLIA - FSC ANTICIPAZIONI,OpenCoesione / Fondi UE,IT,Puglia,,,,EUR,,,attivo,https://opencoesione.gov.it/it/api/programmi/PSCPUGLIA2021/?format=json,,pubblica_amministrazione,enti_pubblici|pa,
OC-ACCOESPUGLIA,OpenCoesione,appalto_servizi,ACCORDO COESIONE PUGLIA - FSC ORDINARIO E FDR,ACCORDO COESIONE PUGLIA - FSC ORDINARIO E FDR,OpenCoesione / Fondi UE,IT,Puglia,,,,EUR,,,attivo,https://opencoesione.gov.it/it/api/programmi/ACCOESPUGLIA/?format=json,,pubblica_amministrazione,enti_pubblici|pa,
OC-PSCSARDEGNA2021,OpenCoesione,appalto_servizi,ACCORDO COESIONE SARDEGNA - FSC ANTICIPAZIONI,ACCORDO COESIONE SARDEGNA - FSC ANTICIPAZIONI,OpenCoesione / Fondi UE,IT,Sardegna,,,,EUR,,,attivo,https://opencoesione.gov.it/it/api/programmi/PSCSARDEGNA2021/?format=json,,pubblica_amministrazione,enti_pubblici|pa,
OC-ACCOESSARDEGNA,OpenCoesione,appalto_servizi,ACCORDO COESIONE SARDEGNA - FSC ORDINARIO,ACCORDO COESIONE SARDEGNA - FSC ORDINARIO,OpenCoesione / Fondi UE,IT,Sardegna,,,,EUR,,,attivo,https://opencoesione.gov.it/it/api/programmi/ACCOESSARDEGNA/?format=json,,pubblica_amministrazione,enti_pubblici|pa,
OC-PSCSICILIA2021,OpenCoesione,appalto_servizi,ACCORDO COESIONE SICILIA - FSC ANTICIPAZIONI,ACCORDO COESIONE SICILIA - FSC ANTICIPAZIONI,OpenCoesione / Fondi UE,IT,Sicilia,,,,EUR,,,attivo,https://opencoesione.gov.it/it/api/programmi/PSCSICILIA2021/?format=json,,pubblica_amministrazione,enti_pubblici|pa,
OC-ACCOESSICILIA,OpenCoesione,appalto_servizi,ACCORDO COESIONE SICILIA - FSC ORDINARIO,ACCORDO COESIONE SICILIA - FSC ORDINARIO,OpenCoesione / Fondi UE,IT,Sicilia,,,,EUR,,,attivo,https://opencoesione.gov.it/it/api/programmi/ACCOESSICILIA/?format=json,,pubblica_amministrazione,enti_pubblici|pa,
OC-PSCTOSCANA2021,OpenCoesione,appalto_servizi,ACCORDO COESIONE TOSCANA - FSC ANTICIPAZIONI,ACCORDO COESIONE TOSCANA - FSC ANTICIPAZIONI,OpenCoesione / Fondi UE,IT,Toscana,,,,EUR,,,attivo,https://opencoesione.gov.it/it/api/programmi/PSCTOSCANA2021/?format=json,,pubblica_amministrazione,enti_pubblici|pa,
OC-ACCOESTOSCANA,OpenCoesione,appalto_servizi,ACCORDO COESIONE TOSCANA - FSC ORDINARIO,ACCORDO COESIONE TOSCANA - FSC ORDINARIO,OpenCoesione / Fondi UE,IT,Toscana,,,,EUR,,,attivo,https://opencoesione.gov.it/it/api/programmi/ACCOESTOSCANA/?format=json,,pubblica_amministrazione,enti_pubblici|pa,
OC-PSCUMBRIA2021,OpenCoesione,appalto_servizi,ACCORDO COESIONE UMBRIA - FSC ANTICIPAZIONI,ACCORDO COESIONE UMBRIA - FSC ANTICIPAZIONI,OpenCoesione / Fondi UE,IT,Umbria,,,,EUR,,,attivo,https://opencoesione.gov.it/it/api/programmi/PSCUMBRIA2021/?format=json,,pubblica_amministrazione,enti_pubblici|pa,
OC-ACCOESUMBRIA,OpenCoesione,appalto_servizi,ACCORDO COESIONE UMBRIA - FSC ORDINARIO,ACCORDO COESIONE UMBRIA - FSC ORDINARIO,OpenCoesione / Fondi UE,IT,Umbria,,,,EUR,,,attivo,https://opencoesione.gov.it/it/api/programmi/ACCOESUMBRIA/?format=json,,pubblica_amministrazione,enti_pubblici|pa,
OC-PSCVALAOSTA2021,OpenCoesione,appalto_servizi,ACCORDO COESIONE VALLE D'AOSTA - FSC ANTICIPAZIONI,ACCORDO COESIONE VALLE D'AOSTA - FSC ANTICIPAZIONI,OpenCoesione / Fondi UE,IT,Valle d'Aosta,,,,EUR,,,attivo,https://opencoesione.gov.it/it/api/programmi/PSCVALAOSTA2021/?format=json,,pubblica_amministrazione,enti_pubblici|pa,
OC-ACCOESVALDAOSTA,OpenCoesione,appalto_servizi,ACCORDO COESIONE VALLE D'AOSTA - FSC ORDINARIO,ACCORDO COESIONE VALLE D'AOSTA - FSC ORDINARIO,OpenCoesione / Fondi UE,IT,Valle d'Aosta,,,,EUR,,,attivo,https://opencoesione.gov.it/it/api/programmi/ACCOESVALDAOSTA/?format=json,,pubblica_amministrazione,enti_pubblici|pa,
OC-PSCVENETO2021,OpenCoesione,appalto_servizi,ACCORDO COESIONE VENETO - FSC ANTICIPAZIONI,ACCORDO COESIONE VENETO - FSC ANTICIPAZIONI,OpenCoesione / Fondi UE,IT,Veneto,,,,EUR,,,attivo,https://opencoesione.gov.it/it/api/programmi/PSCVENETO2021/?format=json,,pubblica_amministrazione,enti_pubblici|pa,
OC-ACCOESVENETO,OpenCoesione,appalto_servizi,ACCORDO COESIONE VENETO - FSC ORDINARIO,ACCORDO COESIONE VENETO - FSC ORDINARIO,OpenCoesione / Fondi UE,IT,Veneto,,,,EUR,,,attivo,https://opencoesione.gov.it/it/api/programmi/ACCOESVENETO/?format=json,,pubblica_amministrazione,enti_pubblici|pa,
OC-ACCOE_EMR,OpenCoesione,appalto_servizi,ACCORDO PER LA COESIONE REGIONE EMILIA ROMAGNA,ACCORDO PER LA COESIONE REGIONE EMILIA ROMAGNA,OpenCoesione / Fondi UE,IT,,,,,EUR,,,attivo,https://opencoesione.gov.it/it/api/programmi/ACCOE_EMR/?format=json,,pubblica_amministrazione,enti_pubblici|pa,
OC-ACCOE_FVG,OpenCoesione,appalto_servizi,ACCORDO PER LA COESIONE REGIONE FRIULI-VENEZIA GIULIA,ACCORDO PER LA COESIONE REGIONE FRIULI-VENEZIA GIULIA,OpenCoesione / Fondi UE,IT,Friuli-Venezia Giulia,,,,EUR,,,attivo,https://opencoesione.gov.it/it/api/programmi/ACCOE_FVG/?format=json,,pubblica_amministrazione,enti_pubblici|pa,
OC-ACCOE_LAZ,OpenCoesione,appalto_servizi,ACCORDO PER LA COESIONE REGIONE LAZIO,ACCORDO PER LA COESIONE REGIONE LAZIO,OpenCoesione / Fondi UE,IT,Lazio,,,,EUR,,,attivo,https://opencoesione.gov.it/it/api/programmi/ACCOE_LAZ/?format=json,,pubblica_amministrazione,enti_pubblici|pa,
OC-ACCOE_LIG,OpenCoesione,appalto_servizi,ACCORDO PER LA COESIONE REGIONE LIGURIA,ACCORDO PER LA COESIONE REGIONE LIGURIA,OpenCoesione / Fondi UE,IT,Liguria,,,,EUR,,,attivo,https://opencoesione.gov.it/it/api/programmi/ACCOE_LIG/?format=json,,pubblica_amministrazione,enti_pubblici|pa,
OC-ACCOE_LOM,OpenCoesione,appalto_servizi,ACCORDO PER LA COESIONE REGIONE LOMBARDIA,ACCORDO PER LA COESIONE REGIONE LOMBARDIA,OpenCoesione / Fondi UE,IT,Lombardia,,,,EUR,,,attivo,https://opencoesione.gov.it/it/api/programmi/ACCOE_LOM/?format=json,,pubblica_amministrazione,enti_pubblici|pa,
OC-ACCOE_MAR,OpenCoesione,appalto_servizi,ACCORDO PER LA COESIONE REGIONE MARCHE,ACCORDO PER LA COESIONE REGIONE MARCHE,OpenCoesione / Fondi UE,IT,Marche,,,,EUR,,,attivo,https://opencoesione.gov.it/it/api/programmi/ACCOE_MAR/?format=json,,pubblica_amministrazione,enti_pubblici|pa,
OC-ACCOE_PIE,OpenCoesione,appalto_servizi,ACCORDO PER LA COESIONE REGIONE PIEMONTE,ACCORDO PER LA COESIONE REGIONE PIEMONTE,OpenCoesione / Fondi UE,IT,Piemonte,,,,EUR,,,attivo,https://opencoesione.gov.it/it/api/programmi/ACCOE_PIE/?format=json,,pubblica_amministrazione,enti_pubblici|pa,
OC-ACCOE_TOS,OpenCoesione,appalto_servizi,ACCORDO PER LA COESIONE REGIONE TOSCANA,ACCORDO PER LA COESIONE REGIONE TOSCANA,OpenCoesione / Fondi UE,IT,Toscana,,,,EUR,,,attivo,https://opencoesione.gov.it/it/api/programmi/ACCOE_TOS/?format=json,,pubblica_amministrazione,enti_pubblici|pa,
OC-ACCOE_UMB,OpenCoesione,appalto_servizi,ACCORDO PER LA COESIONE REGIONE UMBRIA,ACCORDO PER LA COESIONE REGIONE UMBRIA,OpenCoesione / Fondi UE,IT,Umbria,,,,EUR,,,attivo,https://opencoesione.gov.it/it/api/programmi/ACCOE_UMB/?format=json,,pubblica_amministrazione,enti_pubblici|pa,
OC-ACCOE_VDA,OpenCoesione,appalto_servizi,ACCORDO PER LA COESIONE REGIONE VALLE D'AOSTA,ACCORDO PER LA COESIONE REGIONE VALLE D'AOSTA,OpenCoesione / Fondi UE,IT,Valle d'Aosta,,,,EUR,,,attivo,https://opencoesione.gov.it/it/api/programmi/ACCOE_VDA/?format=json,,pubblica_amministrazione,enti_pubblici|pa,
OC-ACCOE_VEN,OpenCoesione,appalto_servizi,ACCORDO PER LA COESIONE REGIONE VENETO,ACCORDO PER LA COESIONE REGIONE VENETO,OpenCoesione / Fondi UE,IT,Veneto,,,,EUR,,,attivo,https://opencoesione.gov.it/it/api/programmi/ACCOE_VEN/?format=json,,pubblica_amministrazione,enti_pubblici|pa,
OC-TEMP_ACQUARIO,OpenCoesione,appalto_servizi,ACQUARIO GREEN DI TARANTO,ACQUARIO GREEN DI TARANTO,OpenCoesione / Fondi UE,IT,,,,,EUR,,,attivo,https://opencoesione.gov.it/it/api/programmi/TEMP_ACQUARIO/?format=json,,pubblica_amministrazione,enti_pubblici|pa,
OC-FSC_1420_CDD_10,OpenCoesione,appalto_servizi,ALLUVIONE SARDEGNA,ALLUVIONE SARDEGNA,OpenCoesione / Fondi UE,IT,Sardegna,,,,EUR,,,attivo,https://opencoesione.gov.it/it/api/programmi/FSC_1420_CDD_10/?format=json,,pubblica_amministrazione,enti_pubblici|pa,
OC-DIPSPORT,OpenCoesione,appalto_servizi,ASSEGNAZIONE FSC IMPIANTI SPORTIVI,ASSEGNAZIONE FSC IMPIANTI SPORTIVI,OpenCoesione / Fondi UE,IT,,,,,EUR,,,attivo,https://opencoesione.gov.it/it/api/programmi/DIPSPORT/?format=json,,pubblica_amministrazione,enti_pubblici|pa,
OC-ISMETT,OpenCoesione,appalto_servizi,ASSEGNAZIONE FSC ISMETT,ASSEGNAZIONE FSC ISMETT,OpenCoesione / Fondi UE,IT,,,,,EUR,,,attivo,https://opencoesione.gov.it/it/api/programmi/ISMETT/?format=json,,pubblica_amministrazione,enti_pubblici|pa,
OC-COMMCAIVANOFSC,OpenCoesione,appalto_servizi,ASSEGNAZIONI CAIVANO,ASSEGNAZIONI CAIVANO,OpenCoesione / Fondi UE,IT,,,,,EUR,,,attivo,https://opencoesione.gov.it/it/api/programmi/COMMCAIVANOFSC/?format=json,,pubblica_amministrazione,enti_pubblici|pa,
OC-LAMPEDUSA,OpenCoesione,appalto_servizi,ASSEGNAZIONI LAMPEDUSA,ASSEGNAZIONI LAMPEDUSA,OpenCoesione / Fondi UE,IT,,,,,EUR,,,attivo,https://opencoesione.gov.it/it/api/programmi/LAMPEDUSA/?format=json,,pubblica_amministrazione,enti_pubblici|pa,
OC-FSCMARCHE,OpenCoesione,appalto_servizi,ASSEGNAZIONI OPERE STRATEGICHE REGIONE MARCHE,ASSEGNAZIONI OPERE STRATEGICHE REGIONE MARCHE,OpenCoesione / Fondi UE,IT,Marche,,,,EUR,,,attivo,https://opencoesione.gov.it/it/api/programmi/FSCMARCHE/?format=json,,pubblica_amministrazione,enti_pubblici|pa,
OC-FSCPERIFERIE,OpenCoesione,appalto_servizi,BANDO SICUREZZA PERIFERIE,BANDO SICUREZZA PERIFERIE,OpenCoesione / Fondi UE,IT,,,,,EUR,,,attivo,https://opencoesione.gov.it/it/api/programmi/FSCPERIFERIE/?format=json,,pubblica_amministrazione,enti_pubblici|pa,
OC-TEMP_BASE_TARAN,OpenCoesione,appalto_servizi,BASE NAVALE MAR GRANDE TARANTO,BASE NAVALE MAR GRANDE TARANTO,OpenCoesione / Fondi UE,IT,,,,,EUR,,,attivo,https://opencoesione.gov.it/it/api/programmi/TEMP_BASE_TARAN/?format=json,,pubblica_amministrazione,enti_pubblici|pa,
OC-2018CAPCULTFSC,OpenCoesione,appalto_servizi,CAPITALI ITALIANE CULTURA,CAPITALI ITALIANE CULTURA,OpenCoesione / Fondi UE,IT,,,,,EUR,,,attivo,https://opencoesione.gov.it/it/api/programmi/2018CAPCULTFSC/?format=json,,pubblica_amministrazione,enti_pubblici|pa,
OC-TRADATE,OpenCoesione,appalto_servizi,CASERMA DEI CARABINIERI DI TRADATE,CASERMA DEI CARABINIERI DI TRADATE,OpenCoesione / Fondi UE,IT,,,,,EUR,,,attivo,https://opencoesione.gov.it/it/api/programmi/TRADATE/?format=json,,pubblica_amministrazione,enti_pubblici|pa,
OC-MINTCASERME,OpenCoesione,appalto_servizi,CASERME DEI VIGILI DEL FUOCO,CASERME DEI VIGILI DEL FUOCO,OpenCoesione / Fondi UE,IT,,,,,EUR,,,attivo,https://opencoesione.gov.it/it/api/programmi/MINTCASERME/?format=json,,pubblica_amministrazione,enti_pubblici|pa,
OC-CISFOGGIAFSC,OpenCoesione,appalto_servizi,CIS AREA DI FOGGIA,CIS AREA DI FOGGIA,OpenCoesione / Fondi UE,IT,,,,,EUR,,,attivo,https://opencoesione.gov.it/it/api/programmi/CISFOGGIAFSC/?format=json,,pubblica_amministrazione,enti_pubblici|pa,
OC-COMMTARANTOFSC,OpenCoesione,appalto_servizi,CIS AREA DI TARANTO,CIS AREA DI TARANTO,OpenCoesione / Fondi UE,IT,,,,,EUR,,,attivo,https://opencoesione.gov.it/it/api/programmi/COMMTARANTOFSC/?format=json,,pubblica_amministrazione,enti_pubblici|pa,
OC-CISAREESISMA,OpenCoesione,appalto_servizi,CIS AREE SISMA,CIS AREE SISMA,OpenCoesione / Fondi UE,IT,,,,,EUR,,,attivo,https://opencoesione.gov.it/it/api/programmi/CISAREESISMA/?format=json,,pubblica_amministrazione,enti_pubblici|pa,
OC-CISBRINDILECCE,OpenCoesione,appalto_servizi,CIS BRINDISI - LECCE COSTA ADRIATICA,CIS BRINDISI - LECCE COSTA ADRIATICA,OpenCoesione / Fondi UE,IT,,,,,EUR,,,attivo,https://opencoesione.gov.it/it/api/programmi/CISBRINDILECCE/?format=json,,pubblica_amministrazione,enti_pubblici|pa,
OC-CISCALABRIA,OpenCoesione,appalto_servizi,CIS CALABRIA,CIS CALABRIA,OpenCoesione / Fondi UE,IT,Calabria,,,,EUR,,,attivo,https://opencoesione.gov.it/it/api/programmi/CISCALABRIA/?format=json,,pubblica_amministrazione,enti_pubblici|pa,
OC-CISMOLISEFSC,OpenCoesione,appalto_servizi,CIS MOLISE,CIS MOLISE,OpenCoesione / Fondi UE,IT,Molise,,,,EUR,,,attivo,https://opencoesione.gov.it/it/api/programmi/CISMOLISEFSC/?format=json,,pubblica_amministrazione,enti_pubblici|pa,
OC-CISROMA,OpenCoesione,appalto_servizi,CIS ROMA,CIS ROMA,OpenCoesione / Fondi UE,IT,,,,,EUR,,,attivo,https://opencoesione.gov.it/it/api/programmi/CISROMA/?format=json,,pubblica_amministrazione,enti_pubblici|pa,
OC-CSITERRAFUOCHI,OpenCoesione,appalto_servizi,CIS TERRA DEI FUOCHI,CIS TERRA DEI FUOCHI,OpenCoesione / Fondi UE,IT,,,,,EUR,,,attivo,https://opencoesione.gov.it/it/api/programmi/CSITERRAFUOCHI/?format=json,,pubblica_amministrazione,enti_pubblici|pa,
OC-CISTERRAFUOCHI,OpenCoesione,appalto_servizi,CIS TERRA DEI FUOCHI,CIS TERRA DEI FUOCHI,OpenCoesione / Fondi UE,IT,,,,,EUR,,,attivo,https://opencoesione.gov.it/it/api/programmi/CISTERRAFUOCHI/?format=json,,pubblica_amministrazione,enti_pubblici|pa,
OC-CISVESPOMNAPOLI,OpenCoesione,appalto_servizi,CIS VESUVIO-POMPEI-NAPOLI,CIS VESUVIO-POMPEI-NAPOLI,OpenCoesione / Fondi UE,IT,,,,,EUR,,,attivo,https://opencoesione.gov.it/it/api/programmi/CISVESPOMNAPOLI/?format=json,,pubblica_amministrazione,enti_pubblici|pa,
OC-2017NAPOLI-POZZ,OpenCoesione,appalto_servizi,COLLEGAMENTO TANGENZIALE DI NAPOLI AL PORTO DI POZZUOLI,COLLEGAMENTO TANGENZIALE DI NAPOLI AL PORTO DI POZZUOLI,OpenCoesione / Fondi UE,IT,,,,,EUR,,,attivo,https://opencoesione.gov.it/it/api/programmi/2017NAPOLI-POZZ/?format=json,,pubblica_amministrazione,enti_pubblici|pa,
OC-2016XXPCMFSC002,OpenCoesione,appalto_servizi,COMPLETAMENTO NUOVA CITTADELLA GIUDIZIARIA DI SALERNO,COMPLETAMENTO NUOVA CITTADELLA GIUDIZIARIA DI SALERNO,OpenCoesione / Fondi UE,IT,,,,,EUR,,,attivo,https://opencoesione.gov.it/it/api/programmi/2016XXPCMFSC002/?format=json,,pubblica_amministrazione,enti_pubblici|pa,
OC-2007AN0021FA01,OpenCoesione,appalto_servizi,COMPLETAMENTO SALERNO-REGGIO CALABRIA,COMPLETAMENTO SALERNO-REGGIO CALABRIA,OpenCoesione / Fondi UE,IT,Calabria,,,,EUR,,,attivo,https://opencoesione.gov.it/it/api/programmi/2007AN0021FA01/?format=json,,pubblica_amministrazione,enti_pubblici|pa,
OC-2015MSIAIFSC011,OpenCoesione,appalto_servizi,CONTRATTI DI SVILUPPO,CONTRATTI DI SVILUPPO,OpenCoesione / Fondi UE,IT,,,,,EUR,,,attivo,https://opencoesione.gov.it/it/api/programmi/2015MSIAIFSC011/?format=json,,pubblica_amministrazione,enti_pubblici|pa,
OC-2020PCDPCINA001,OpenCoesione,appalto_servizi,CONTRIBUTI AI COMUNI DELLE AREE INTERNE,CONTRIBUTI AI COMUNI DELLE AREE INTERNE,OpenCoesione / Fondi UE,IT,,,,,EUR,,,attivo,https://opencoesione.gov.it/it/api/programmi/2020PCDPCINA001/?format=json,,pubblica_amministrazione,enti_pubblici|pa,
OC-FSCCRESCISUD,OpenCoesione,appalto_servizi,CRESCI AL SUD,CRESCI AL SUD,OpenCoesione / Fondi UE,IT,,,,,EUR,,,attivo,https://opencoesione.gov.it/it/api/programmi/FSCCRESCISUD/?format=json,,pubblica_amministrazione,enti_pubblici|pa,
OC-NEW_06,OpenCoesione,appalto_servizi,DOTTORATI COMUNALI,DOTTORATI COMUNALI,OpenCoesione / Fondi UE,IT,,,,,EUR,,,attivo,https://opencoesione.gov.it/it/api/programmi/NEW_06/?format=json,,pubblica_amministrazione,enti_pubblici|pa,
OC-FSCMISERICSVIL,OpenCoesione,appalto_servizi,ECONOMIA CIRCOLARE,ECONOMIA CIRCOLARE,OpenCoesione / Fondi UE,IT,,,,,EUR,,,attivo,https://opencoesione.gov.it/it/api/programmi/FSCMISERICSVIL/?format=json,,pubblica_amministrazione,enti_pubblici|pa,
OC-2019MISEDLCRE01,OpenCoesione,appalto_servizi,EFFICIENTAMENTO ENERGETICO NEI COMUNI,EFFICIENTAMENTO ENERGETICO NEI COMUNI,OpenCoesione / Fondi UE,IT,,,,,EUR,,,attivo,https://opencoesione.gov.it/it/api/programmi/2019MISEDLCRE01/?format=json,,pubblica_amministrazione,enti_pubblici|pa,
OC-2014TC16M5CB013,OpenCoesione,appalto_servizi,ENI ITALIA-TUNISIA,ENI ITALIA-TUNISIA,OpenCoesione / Fondi UE,IT,,,,,EUR,,,attivo,https://opencoesione.gov.it/it/api/programmi/2014TC16M5CB013/?format=json,,pubblica_amministrazione,enti_pubblici|pa,
OC-FSC_1420_CDD_03,OpenCoesione,appalto_servizi,EVENTI CALAMITOSI 2009,EVENTI CALAMITOSI 2009,OpenCoesione / Fondi UE,IT,,,,,EUR,,,attivo,https://opencoesione.gov.it/it/api/programmi/FSC_1420_CDD_03/?format=json,,pubblica_amministrazione,enti_pubblici|pa,
OC-FSC_1420_CDD_26,OpenCoesione,appalto_servizi,FONDO IMPRESE SUD PMI,FONDO IMPRESE SUD PMI,OpenCoesione / Fondi UE,IT,,,,,EUR,,,attivo,https://opencoesione.gov.it/it/api/programmi/FSC_1420_CDD_26/?format=json,,pubblica_amministrazione,enti_pubblici|pa,
OC-PSCMISE2021,OpenCoesione,appalto_servizi,FSC ANTICIPAZIONI MINISTERO DELLE IMPRESE E DEL MADE IN ITALY,FSC ANTICIPAZIONI MINISTERO DELLE IMPRESE E DEL MADE IN ITALY,OpenCoesione / Fondi UE,IT,,,,,EUR,,,attivo,https://opencoesione.gov.it/it/api/programmi/PSCMISE2021/?format=json,,pubblica_amministrazione,enti_pubblici|pa,
OC-PSCINFRASTR2021,OpenCoesione,appalto_servizi,FSC ANTICIPAZIONI MINISTERO DELLE INFRASTRUTTURE E TRASPORTI,FSC ANTICIPAZIONI MINISTERO DELLE INFRASTRUTTURE E TRASPORTI,OpenCoesione / Fondi UE,IT,,,,,EUR,,,attivo,https://opencoesione.gov.it/it/api/programmi/PSCINFRASTR2021/?format=json,,pubblica_amministrazione,enti_pubblici|pa,
OC-2017MEFDTFSC004,OpenCoesione,appalto_servizi,GRAN SASSO SCIENCE INSTITUTE,GRAN SASSO SCIENCE INSTITUTE,OpenCoesione / Fondi UE,IT,,,,,EUR,,,attivo,https://opencoesione.gov.it/it/api/programmi/2017MEFDTFSC004/?format=json,,pubblica_amministrazione,enti_pubblici|pa,
OC-FSCMILITSPORT,OpenCoesione,appalto_servizi,IMPIANTI SPORTIVI PER GRUPPI SPORTIVI MILITARI,IMPIANTI SPORTIVI PER GRUPPI SPORTIVI MILITARI,OpenCoesione / Fondi UE,IT,,,,,EUR,,,attivo,https://opencoesione.gov.it/it/api/programmi/FSCMILITSPORT/?format=json,,pubblica_amministrazione,enti_pubblici|pa,
OC-NEW_08,OpenCoesione,appalto_servizi,IMPRESE AGRICOLE CRATERE,IMPRESE AGRICOLE CRATERE,OpenCoesione / Fondi UE,IT,,,,,EUR,,,attivo,https://opencoesione.gov.it/it/api/programmi/NEW_08/?format=json,,pubblica_amministrazione,enti_pubblici|pa,
OC-FONDOINFRSOCIAL,OpenCoesione,appalto_servizi,INFRASTRUTTURE SOCIALI NEI COMUNI DEL SUD,INFRASTRUTTURE SOCIALI NEI COMUNI DEL SUD,OpenCoesione / Fondi UE,IT,,,,,EUR,,,attivo,https://opencoesione.gov.it/it/api/programmi/FONDOINFRSOCIAL/?format=json,,pubblica_amministrazione,enti_pubblici|pa,
OC-2021TC16RFCB044,OpenCoesione,appalto_servizi,INTERREG FESR ITALIA-AUSTRIA,INTERREG FESR ITALIA-AUSTRIA,OpenCoesione / Fondi UE,IT,,,,,EUR,,,attivo,https://opencoesione.gov.it/it/api/programmi/2021TC16RFCB044/?format=json,,pubblica_amministrazione,enti_pubblici|pa,
OC-2021TC16RFCB038,OpenCoesione,appalto_servizi,INTERREG FESR ITALIA-CROAZIA,INTERREG FESR ITALIA-CROAZIA,OpenCoesione / Fondi UE,IT,,,,,EUR,,,attivo,https://opencoesione.gov.it/it/api/programmi/2021TC16RFCB038/?format=json,,pubblica_amministrazione,enti_pubblici|pa,
OC-2021TC16RFCB031,OpenCoesione,appalto_servizi,INTERREG FESR ITALIA-FRANCIA MARITTIMO,INTERREG FESR ITALIA-FRANCIA MARITTIMO,OpenCoesione / Fondi UE,IT,,,,,EUR,,,attivo,https://opencoesione.gov.it/it/api/programmi/2021TC16RFCB031/?format=json,,pubblica_amministrazione,enti_pubblici|pa,
OC-2021TC16RFCB035,OpenCoesione,appalto_servizi,INTERREG FESR ITALIA-MALTA,INTERREG FESR ITALIA-MALTA,OpenCoesione / Fondi UE,IT,,,,,EUR,,,attivo,https://opencoesione.gov.it/it/api/programmi/2021TC16RFCB035/?format=json,,pubblica_amministrazione,enti_pubblici|pa,
OC-2021TC16RFCB034,OpenCoesione,appalto_servizi,INTERREG FESR ITALIA-SLOVENIA,INTERREG FESR ITALIA-SLOVENIA,OpenCoesione / Fondi UE,IT,,,,,EUR,,,attivo,https://opencoesione.gov.it/it/api/programmi/2021TC16RFCB034/?format=json,,pubblica_amministrazione,enti_pubblici|pa,
OC-2021TC16RFCB033,OpenCoesione,appalto_servizi,INTERREG FESR ITALIA-SVIZZERA,INTERREG FESR ITALIA-SVIZZERA,OpenCoesione / Fondi UE,IT,,,,,EUR,,,attivo,https://opencoesione.gov.it/it/api/programmi/2021TC16RFCB033/?format=json,,pubblica_amministrazione,enti_pubblici|pa,
OC-2021TC16IPTN001,OpenCoesione,appalto_servizi,INTERREG IPA ADRIATICO-MAR IONIO,INTERREG IPA ADRIATICO-MAR IONIO,OpenCoesione / Fondi UE,IT,,,,,EUR,,,attivo,https://opencoesione.gov.it/it/api/programmi/2021TC16IPTN001/?format=json,,pubblica_amministrazione,enti_pubblici|pa,
OC-2021TC16IPCB008,OpenCoesione,appalto_servizi,INTERREG IPA ITALIA-ALBANIA-MONTENEGRO,INTERREG IPA ITALIA-ALBANIA-MONTENEGRO,OpenCoesione / Fondi UE,IT,,,,,EUR,,,attivo,https://opencoesione.gov.it/it/api/programmi/2021TC16IPCB008/?format=json,,pubblica_amministrazione,enti_pubblici|pa,
OC-2021TC16NXCB013,OpenCoesione,appalto_servizi,INTERREG NEXT ITALIA-TUNISIA,INTERREG NEXT ITALIA-TUNISIA,OpenCoesione / Fondi UE,IT,,,,,EUR,,,attivo,https://opencoesione.gov.it/it/api/programmi/2021TC16NXCB013/?format=json,,pubblica_amministrazione,enti_pubblici|pa,
OC-2021TC16NXTN001,OpenCoesione,appalto_servizi,INTERREG NEXT MED,INTERREG NEXT MED,OpenCoesione / Fondi UE,IT,,,,,EUR,,,attivo,https://opencoesione.gov.it/it/api/programmi/2021TC16NXTN001/?format=json,,pubblica_amministrazione,enti_pubblici|pa,
OC-SANFRANCESCO,OpenCoesione,appalto_servizi,INTERVENTI COMMEMORAZIONE SAN FRANCESCO,INTERVENTI COMMEMORAZIONE SAN FRANCESCO,OpenCoesione / Fondi UE,IT,,,,,EUR,,,attivo,https://opencoesione.gov.it/it/api/programmi/SANFRANCESCO/?format=json,,pubblica_amministrazione,enti_pubblici|pa,
OC-INTERBON,OpenCoesione,appalto_servizi,"INTERVENTI DI BONIFICA, RISANAMENTO AMBIENTALE E RIGENERAZIONE DELLA ZONA FALCATA DI MESSINA","INTERVENTI DI BONIFICA, RISANAMENTO AMBIENTALE E RIGENERAZIONE DELLA ZONA FALCATA DI MESSINA",OpenCoesione / Fondi UE,IT,,,,,EUR,,,attivo,https://opencoesione.gov.it/it/api/programmi/INTERBON/?format=json,,pubblica_amministrazione,enti_pubblici|pa,
OC-2012XMITRFSC005,OpenCoesione,appalto_servizi,LINEA METROPOLITANA DI MILANO M5,LINEA METROPOLITANA DI MILANO M5,OpenCoesione / Fondi UE,IT,,,,,EUR,,,attivo,https://opencoesione.gov.it/it/api/programmi/2012XMITRFSC005/?format=json,,pubblica_amministrazione,enti_pubblici|pa,
OC-2018MATERAFSC,OpenCoesione,appalto_servizi,MATERA CAPITALE CULTURA,MATERA CAPITALE CULTURA,OpenCoesione / Fondi UE,IT,,,,,EUR,,,attivo,https://opencoesione.gov.it/it/api/programmi/2018MATERAFSC/?format=json,,pubblica_amministrazione,enti_pubblici|pa,
OC-2012MTRA1FSC002,OpenCoesione,appalto_servizi,MESSA IN SICUREZZA TRATTI SALERNO-REGGIO CALABRIA,MESSA IN SICUREZZA TRATTI SALERNO-REGGIO CALABRIA,OpenCoesione / Fondi UE,IT,Calabria,,,,EUR,,,attivo,https://opencoesione.gov.it/it/api/programmi/2012MTRA1FSC002/?format=json,,pubblica_amministrazione,enti_pubblici|pa,
OC-2016MEFDTFSC001,OpenCoesione,appalto_servizi,METANIZZAZIONE MEZZOGIORNO,METANIZZAZIONE MEZZOGIORNO,OpenCoesione / Fondi UE,IT,,,,,EUR,,,attivo,https://opencoesione.gov.it/it/api/programmi/2016MEFDTFSC001/?format=json,,pubblica_amministrazione,enti_pubblici|pa,
OC-FSCMUSEOTERME,OpenCoesione,appalto_servizi,MUSEO DELLE TERME DI MONTECATINI,MUSEO DELLE TERME DI MONTECATINI,OpenCoesione / Fondi UE,IT,,,,,EUR,,,attivo,https://opencoesione.gov.it/it/api/programmi/FSCMUSEOTERME/?format=json,,pubblica_amministrazione,enti_pubblici|pa,
OC-2018REGPIEMFSC,OpenCoesione,appalto_servizi,OSPEDALE UNICO DI ORNAVASSO,OSPEDALE UNICO DI ORNAVASSO,OpenCoesione / Fondi UE,IT,,,,,EUR,,,attivo,https://opencoesione.gov.it/it/api/programmi/2018REGPIEMFSC/?format=json,,pubblica_amministrazione,enti_pubblici|pa,
OC-2007AB002FA001,OpenCoesione,appalto_servizi,PAR FSC ABRUZZO,PAR FSC ABRUZZO,OpenCoesione / Fondi UE,IT,Abruzzo,,,,EUR,,,attivo,https://opencoesione.gov.it/it/api/programmi/2007AB002FA001/?format=json,,pubblica_amministrazione,enti_pubblici|pa,
OC-2007EM002FA002,OpenCoesione,appalto_servizi,PAR FSC EMILIA ROMAGNA,PAR FSC EMILIA ROMAGNA,OpenCoesione / Fondi UE,IT,,,,,EUR,,,attivo,https://opencoesione.gov.it/it/api/programmi/2007EM002FA002/?format=json,,pubblica_amministrazione,enti_pubblici|pa,
OC-2007FR002FA003,OpenCoesione,appalto_servizi,PAR FSC FRIULI VENEZIA GIULIA,PAR FSC FRIULI VENEZIA GIULIA,OpenCoesione / Fondi UE,IT,Friuli-Venezia Giulia,,,,EUR,,,attivo,https://opencoesione.gov.it/it/api/programmi/2007FR002FA003/?format=json,,pubblica_amministrazione,enti_pubblici|pa,
OC-2007LI002FA005,OpenCoesione,appalto_servizi,PAR FSC LIGURIA,PAR FSC LIGURIA,OpenCoesione / Fondi UE,IT,Liguria,,,,EUR,,,attivo,https://opencoesione.gov.it/it/api/programmi/2007LI002FA005/?format=json,,pubblica_amministrazione,enti_pubblici|pa,
OC-2007LO002FA006,OpenCoesione,appalto_servizi,PAR FSC LOMBARDIA,PAR FSC LOMBARDIA,OpenCoesione / Fondi UE,IT,Lombardia,,,,EUR,,,attivo,https://opencoesione.gov.it/it/api/programmi/2007LO002FA006/?format=json,,pubblica_amministrazione,enti_pubblici|pa,
OC-2007MA002FA007,OpenCoesione,appalto_servizi,PAR FSC MARCHE,PAR FSC MARCHE,OpenCoesione / Fondi UE,IT,Marche,,,,EUR,,,attivo,https://opencoesione.gov.it/it/api/programmi/2007MA002FA007/?format=json,,pubblica_amministrazione,enti_pubblici|pa,
OC-2007MO002FA009,OpenCoesione,appalto_servizi,PAR FSC MOLISE,PAR FSC MOLISE,OpenCoesione / Fondi UE,IT,Molise,,,,EUR,,,attivo,https://opencoesione.gov.it/it/api/programmi/2007MO002FA009/?format=json,,pubblica_amministrazione,enti_pubblici|pa,
OC-2007BO002FA009,OpenCoesione,appalto_servizi,PAR FSC PA BOLZANO,PAR FSC PA BOLZANO,OpenCoesione / Fondi UE,IT,,,,,EUR,,,attivo,https://opencoesione.gov.it/it/api/programmi/2007BO002FA009/?format=json,,pubblica_amministrazione,enti_pubblici|pa,
OC-2007TR002FA010,OpenCoesione,appalto_servizi,PAR FSC PA TRENTO,PAR FSC PA TRENTO,OpenCoesione / Fondi UE,IT,,,,,EUR,,,attivo,https://opencoesione.gov.it/it/api/programmi/2007TR002FA010/?format=json,,pubblica_amministrazione,enti_pubblici|pa,
OC-2007PI002FA011,OpenCoesione,appalto_servizi,PAR FSC PIEMONTE,PAR FSC PIEMONTE,OpenCoesione / Fondi UE,IT,Piemonte,,,,EUR,,,attivo,https://opencoesione.gov.it/it/api/programmi/2007PI002FA011/?format=json,,pubblica_amministrazione,enti_pubblici|pa,
OC-2007TO003FA012,OpenCoesione,appalto_servizi,PAR FSC TOSCANA,PAR FSC TOSCANA,OpenCoesione / Fondi UE,IT,Toscana,,,,EUR,,,attivo,https://opencoesione.gov.it/it/api/programmi/2007TO003FA012/?format=json,,pubblica_amministrazione,enti_pubblici|pa,
OC-2007TO002FA012,OpenCoesione,appalto_servizi,PAR FSC TOSCANA,PAR FSC TOSCANA,OpenCoesione / Fondi UE,IT,Toscana,,,,EUR,,,attivo,https://opencoesione.gov.it/it/api/programmi/2007TO002FA012/?format=json,,pubblica_amministrazione,enti_pubblici|pa,
OC-2007UM002FA013,OpenCoesione,appalto_servizi,PAR FSC UMBRIA,PAR FSC UMBRIA,OpenCoesione / Fondi UE,IT,Umbria,,,,EUR,,,attivo,https://opencoesione.gov.it/it/api/programmi/2007UM002FA013/?format=json,,pubblica_amministrazione,enti_pubblici|pa,
OC-2007VA002FA014,OpenCoesione,appalto_servizi,PAR FSC VALLE D'AOSTA,PAR FSC VALLE D'AOSTA,OpenCoesione / Fondi UE,IT,Valle d'Aosta,,,,EUR,,,attivo,https://opencoesione.gov.it/it/api/programmi/2007VA002FA014/?format=json,,pubblica_amministrazione,enti_pubblici|pa,
OC-2007VE002FA015,OpenCoesione,appalto_servizi,PAR FSC VENETO,PAR FSC VENETO,OpenCoesione / Fondi UE,IT,Veneto,,,,EUR,,,attivo,https://opencoesione.gov.it/it/api/programmi/2007VE002FA015/?format=json,,pubblica_amministrazione,enti_pubblici|pa,
OC-2018PIEMPOLTEC,OpenCoesione,appalto_servizi,PARCO CITTA' DELLA SALUTE DI TORINO,PARCO CITTA' DELLA SALUTE DI TORINO,OpenCoesione / Fondi UE,IT,,,,,EUR,,,attivo,https://opencoesione.gov.it/it/api/programmi/2018PIEMPOLTEC/?format=json,,pubblica_amministrazione,enti_pubblici|pa,
OC-2016PATTIABR,OpenCoesione,appalto_servizi,PATTO ABRUZZO,PATTO ABRUZZO,OpenCoesione / Fondi UE,IT,Abruzzo,,,,EUR,,,attivo,https://opencoesione.gov.it/it/api/programmi/2016PATTIABR/?format=json,,pubblica_amministrazione,enti_pubblici|pa,
OC-2016PATTIBARI,OpenCoesione,appalto_servizi,PATTO BARI,PATTO BARI,OpenCoesione / Fondi UE,IT,,,,,EUR,,,attivo,https://opencoesione.gov.it/it/api/programmi/2016PATTIBARI/?format=json,,pubblica_amministrazione,enti_pubblici|pa,
OC-2016PATTIBASIL,OpenCoesione,appalto_servizi,PATTO BASILICATA,PATTO BASILICATA,OpenCoesione / Fondi UE,IT,Basilicata,,,,EUR,,,attivo,https://opencoesione.gov.it/it/api/programmi/2016PATTIBASIL/?format=json,,pubblica_amministrazione,enti_pubblici|pa,
OC-2018POFSCBO,OpenCoesione,appalto_servizi,PATTO BOLOGNA,PATTO BOLOGNA,OpenCoesione / Fondi UE,IT,,,,,EUR,,,attivo,https://opencoesione.gov.it/it/api/programmi/2018POFSCBO/?format=json,,pubblica_amministrazione,enti_pubblici|pa,
OC-2016PATTICAGL,OpenCoesione,appalto_servizi,PATTO CAGLIARI,PATTO CAGLIARI,OpenCoesione / Fondi UE,IT,,,,,EUR,,,attivo,https://opencoesione.gov.it/it/api/programmi/2016PATTICAGL/?format=json,,pubblica_amministrazione,enti_pubblici|pa,
OC-2016PATTICAL,OpenCoesione,appalto_servizi,PATTO CALABRIA,PATTO CALABRIA,OpenCoesione / Fondi UE,IT,Calabria,,,,EUR,,,attivo,https://opencoesione.gov.it/it/api/programmi/2016PATTICAL/?format=json,,pubblica_amministrazione,enti_pubblici|pa,
OC-2016PATTICAMP,OpenCoesione,appalto_servizi,PATTO CAMPANIA,PATTO CAMPANIA,OpenCoesione / Fondi UE,IT,Campania,,,,EUR,,,attivo,https://opencoesione.gov.it/it/api/programmi/2016PATTICAMP/?format=json,,pubblica_amministrazione,enti_pubblici|pa,
OC-2016PATTICAT,OpenCoesione,appalto_servizi,PATTO CATANIA,PATTO CATANIA,OpenCoesione / Fondi UE,IT,,,,,EUR,,,attivo,https://opencoesione.gov.it/it/api/programmi/2016PATTICAT/?format=json,,pubblica_amministrazione,enti_pubblici|pa,
OC-2018POFSCEMROM,OpenCoesione,appalto_servizi,PATTO EMILIA ROMAGNA,PATTO EMILIA ROMAGNA,OpenCoesione / Fondi UE,IT,,,,,EUR,,,attivo,https://opencoesione.gov.it/it/api/programmi/2018POFSCEMROM/?format=json,,pubblica_amministrazione,enti_pubblici|pa,
OC-2016PATTIFIR,OpenCoesione,appalto_servizi,PATTO FIRENZE,PATTO FIRENZE,OpenCoesione / Fondi UE,IT,,,,,EUR,,,attivo,https://opencoesione.gov.it/it/api/programmi/2016PATTIFIR/?format=json,,pubblica_amministrazione,enti_pubblici|pa,
OC-2016PATTIGEN,OpenCoesione,appalto_servizi,PATTO GENOVA,PATTO GENOVA,OpenCoesione / Fondi UE,IT,,,,,EUR,,,attivo,https://opencoesione.gov.it/it/api/programmi/2016PATTIGEN/?format=json,,pubblica_amministrazione,enti_pubblici|pa,
OC-2016PATTILAZ,OpenCoesione,appalto_servizi,PATTO LAZIO,PATTO LAZIO,OpenCoesione / Fondi UE,IT,Lazio,,,,EUR,,,attivo,https://opencoesione.gov.it/it/api/programmi/2016PATTILAZ/?format=json,,pubblica_amministrazione,enti_pubblici|pa,
OC-2016PATTILOMB,OpenCoesione,appalto_servizi,PATTO LOMBARDIA,PATTO LOMBARDIA,OpenCoesione / Fondi UE,IT,Lombardia,,,,EUR,,,attivo,https://opencoesione.gov.it/it/api/programmi/2016PATTILOMB/?format=json,,pubblica_amministrazione,enti_pubblici|pa,
OC-2016PATTIMES,OpenCoesione,appalto_servizi,PATTO MESSINA,PATTO MESSINA,OpenCoesione / Fondi UE,IT,,,,,EUR,,,attivo,https://opencoesione.gov.it/it/api/programmi/2016PATTIMES/?format=json,,pubblica_amministrazione,enti_pubblici|pa,
OC-2016PATTIMIL,OpenCoesione,appalto_servizi,PATTO MILANO,PATTO MILANO,OpenCoesione / Fondi UE,IT,,,,,EUR,,,attivo,https://opencoesione.gov.it/it/api/programmi/2016PATTIMIL/?format=json,,pubblica_amministrazione,enti_pubblici|pa,
OC-2016PATTIMOL,OpenCoesione,appalto_servizi,PATTO MOLISE,PATTO MOLISE,OpenCoesione / Fondi UE,IT,Molise,,,,EUR,,,attivo,https://opencoesione.gov.it/it/api/programmi/2016PATTIMOL/?format=json,,pubblica_amministrazione,enti_pubblici|pa,
OC-2016PATTINAP,OpenCoesione,appalto_servizi,PATTO NAPOLI,PATTO NAPOLI,OpenCoesione / Fondi UE,IT,,,,,EUR,,,attivo,https://opencoesione.gov.it/it/api/programmi/2016PATTINAP/?format=json,,pubblica_amministrazione,enti_pubblici|pa,
OC-2016PATTIPAL,OpenCoesione,appalto_servizi,PATTO PALERMO,PATTO PALERMO,OpenCoesione / Fondi UE,IT,,,,,EUR,,,attivo,https://opencoesione.gov.it/it/api/programmi/2016PATTIPAL/?format=json,,pubblica_amministrazione,enti_pubblici|pa,
OC-2016PATTIPUG,OpenCoesione,appalto_servizi,PATTO PUGLIA,PATTO PUGLIA,OpenCoesione / Fondi UE,IT,Puglia,,,,EUR,,,attivo,https://opencoesione.gov.it/it/api/programmi/2016PATTIPUG/?format=json,,pubblica_amministrazione,enti_pubblici|pa,
OC-2016PATTIRC,OpenCoesione,appalto_servizi,PATTO REGGIO CALABRIA,PATTO REGGIO CALABRIA,OpenCoesione / Fondi UE,IT,Calabria,,,,EUR,,,attivo,https://opencoesione.gov.it/it/api/programmi/2016PATTIRC/?format=json,,pubblica_amministrazione,enti_pubblici|pa,
OC-2016PATTISARD,OpenCoesione,appalto_servizi,PATTO SARDEGNA,PATTO SARDEGNA,OpenCoesione / Fondi UE,IT,Sardegna,,,,EUR,,,attivo,https://opencoesione.gov.it/it/api/programmi/2016PATTISARD/?format=json,,pubblica_amministrazione,enti_pubblici|pa,
OC-2016PATTISICI,OpenCoesione,appalto_servizi,PATTO SICILIA,PATTO SICILIA,OpenCoesione / Fondi UE,IT,Sicilia,,,,EUR,,,attivo,https://opencoesione.gov.it/it/api/programmi/2016PATTISICI/?format=json,,pubblica_amministrazione,enti_pubblici|pa,
OC-2016PATTIVEN,OpenCoesione,appalto_servizi,PATTO VENEZIA,PATTO VENEZIA,OpenCoesione / Fondi UE,IT,,,,,EUR,,,attivo,https://opencoesione.gov.it/it/api/programmi/2016PATTIVEN/?format=json,,pubblica_amministrazione,enti_pubblici|pa,
OC-2016MBCSGFSC006,OpenCoesione,appalto_servizi,PIANO CULTURA E TURISMO,PIANO CULTURA E TURISMO,OpenCoesione / Fondi UE,IT,,,,,EUR,,,attivo,https://opencoesione.gov.it/it/api/programmi/2016MBCSGFSC006/?format=json,,pubblica_amministrazione,enti_pubblici|pa,
OC-2015PCDPCFSC018,OpenCoesione,appalto_servizi,PIANO DI INTERVENTI ISOLA DI LAMPEDUSA,PIANO DI INTERVENTI ISOLA DI LAMPEDUSA,OpenCoesione / Fondi UE,IT,,,,,EUR,,,attivo,https://opencoesione.gov.it/it/api/programmi/2015PCDPCFSC018/?format=json,,pubblica_amministrazione,enti_pubblici|pa,
OC-2017POAGRICOFSC,OpenCoesione,appalto_servizi,PIANO FSC AGRICOLTURA,PIANO FSC AGRICOLTURA,OpenCoesione / Fondi UE,IT,,,,,EUR,,,attivo,https://opencoesione.gov.it/it/api/programmi/2017POAGRICOFSC/?format=json,,pubblica_amministrazione,enti_pubblici|pa,
OC-2017POAMBIENFSC,OpenCoesione,appalto_servizi,PIANO FSC AMBIENTE,PIANO FSC AMBIENTE,OpenCoesione / Fondi UE,IT,,,,,EUR,,,attivo,https://opencoesione.gov.it/it/api/programmi/2017POAMBIENFSC/?format=json,,pubblica_amministrazione,enti_pubblici|pa,
OC-2016MISEBULFSC1,OpenCoesione,appalto_servizi,PIANO FSC BANDA ULTRA LARGA,PIANO FSC BANDA ULTRA LARGA,OpenCoesione / Fondi UE,IT,,,,,EUR,,,attivo,https://opencoesione.gov.it/it/api/programmi/2016MISEBULFSC1/?format=json,,pubblica_amministrazione,enti_pubblici|pa,
OC-FSCACTBENICONF,OpenCoesione,appalto_servizi,PIANO FSC BENI CONFISCATI ESEMPLARI,PIANO FSC BENI CONFISCATI ESEMPLARI,OpenCoesione / Fondi UE,IT,,,,,EUR,,,attivo,https://opencoesione.gov.it/it/api/programmi/FSCACTBENICONF/?format=json,,pubblica_amministrazione,enti_pubblici|pa,
OC-2016XXAMPSAP00,OpenCoesione,appalto_servizi,PIANO FSC DISSESTO IDROGEOLOGICO,PIANO FSC DISSESTO IDROGEOLOGICO,OpenCoesione / Fondi UE,IT,,,,,EUR,,,attivo,https://opencoesione.gov.it/it/api/programmi/2016XXAMPSAP00/?format=json,,pubblica_amministrazione,enti_pubblici|pa,
OC-2015XXXXXPSO000,OpenCoesione,appalto_servizi,PIANO FSC DISSESTO IDROGEOLOGICO - FONDO PROGETTAZIONE,PIANO FSC DISSESTO IDROGEOLOGICO - FONDO PROGETTAZIONE,OpenCoesione / Fondi UE,IT,,,,,EUR,,,attivo,https://opencoesione.gov.it/it/api/programmi/2015XXXXXPSO000/?format=json,,pubblica_amministrazione,enti_pubblici|pa,
OC-2017POIMPCOMFSC,OpenCoesione,appalto_servizi,PIANO FSC IMPRESE E COMPETITIVITA',PIANO FSC IMPRESE E COMPETITIVITA',OpenCoesione / Fondi UE,IT,,,,,EUR,,,attivo,https://opencoesione.gov.it/it/api/programmi/2017POIMPCOMFSC/?format=json,,pubblica_amministrazione,enti_pubblici|pa,
OC-2017POINFRASFSC,OpenCoesione,appalto_servizi,PIANO FSC INFRASTRUTTURE,PIANO FSC INFRASTRUTTURE,OpenCoesione / Fondi UE,IT,,,,,EUR,,,attivo,https://opencoesione.gov.it/it/api/programmi/2017POINFRASFSC/?format=json,,pubblica_amministrazione,enti_pubblici|pa,
OC-2017FSCRICERCA,OpenCoesione,ricerca_nazionale,PIANO FSC RICERCA E INNOVAZIONE,PIANO FSC RICERCA E INNOVAZIONE,OpenCoesione / Fondi UE,IT,,,,,EUR,,,attivo,https://opencoesione.gov.it/it/api/programmi/2017FSCRICERCA/?format=json,,innovazione|ricerca,aziende|enti_ricerca|universita,
OC-2018POSALUTEFSC,OpenCoesione,appalto_servizi,PIANO FSC SALUTE,PIANO FSC SALUTE,OpenCoesione / Fondi UE,IT,,,,,EUR,,,attivo,https://opencoesione.gov.it/it/api/programmi/2018POSALUTEFSC/?format=json,,pubblica_amministrazione,enti_pubblici|pa,
OC-POSPORTFSC,OpenCoesione,appalto_servizi,PIANO FSC SPORT E PERIFERIE,PIANO FSC SPORT E PERIFERIE,OpenCoesione / Fondi UE,IT,,,,,EUR,,,attivo,https://opencoesione.gov.it/it/api/programmi/POSPORTFSC/?format=json,,pubblica_amministrazione,enti_pubblici|pa,
OC-2019MATTMINA001,OpenCoesione,appalto_servizi,PIANO MITIGAZIONE RISCHIO IDROGEOLOGICO,PIANO MITIGAZIONE RISCHIO IDROGEOLOGICO,OpenCoesione / Fondi UE,IT,,,,,EUR,,,attivo,https://opencoesione.gov.it/it/api/programmi/2019MATTMINA001/?format=json,,pubblica_amministrazione,enti_pubblici|pa,
OC-PIANOPERIFERIE,OpenCoesione,appalto_servizi,PIANO PERIFERIE,PIANO PERIFERIE,OpenCoesione / Fondi UE,IT,,,,,EUR,,,attivo,https://opencoesione.gov.it/it/api/programmi/PIANOPERIFERIE/?format=json,,pubblica_amministrazione,enti_pubblici|pa,
OC-2019AGCOEFSC001,OpenCoesione,appalto_servizi,PIANO RAFFORZAMENTO CONTI PUBBLICI TERRITORIALI,PIANO RAFFORZAMENTO CONTI PUBBLICI TERRITORIALI,OpenCoesione / Fondi UE,IT,,,,,EUR,,,attivo,https://opencoesione.gov.it/it/api/programmi/2019AGCOEFSC001/?format=json,,pubblica_amministrazione,enti_pubblici|pa,
OC-2015XMINTFSC016,OpenCoesione,appalto_servizi,PIANO SICUREZZA URBANA ROMA,PIANO SICUREZZA URBANA ROMA,OpenCoesione / Fondi UE,IT,,,,,EUR,,,attivo,https://opencoesione.gov.it/it/api/programmi/2015XMINTFSC016/?format=json,,pubblica_amministrazione,enti_pubblici|pa,
OC-2014XXSMDFSC004,OpenCoesione,appalto_servizi,PIANO STRALCIO TARANTO,PIANO STRALCIO TARANTO,OpenCoesione / Fondi UE,IT,,,,,EUR,,,attivo,https://opencoesione.gov.it/it/api/programmi/2014XXSMDFSC004/?format=json,,pubblica_amministrazione,enti_pubblici|pa,
OC-2014PCDPCFSC003,OpenCoesione,appalto_servizi,PIANO STRALCIO TARANTO - INVITALIA,PIANO STRALCIO TARANTO - INVITALIA,OpenCoesione / Fondi UE,IT,,,,,EUR,,,attivo,https://opencoesione.gov.it/it/api/programmi/2014PCDPCFSC003/?format=json,,pubblica_amministrazione,enti_pubblici|pa,
OC-2007PB006MA023,OpenCoesione,appalto_servizi,PIANO STRAORDINARIO DI BONIFICA DELLE DISCARICHE ABUSIVE REGIONE VENETO,PIANO STRAORDINARIO DI BONIFICA DELLE DISCARICHE ABUSIVE REGIONE VENETO,OpenCoesione / Fondi UE,IT,Veneto,,,,EUR,,,attivo,https://opencoesione.gov.it/it/api/programmi/2007PB006MA023/?format=json,,pubblica_amministrazione,enti_pubblici|pa,
OC-2007PI004MA014,OpenCoesione,appalto_servizi,PIANO STRAORDINARIO TUTELA E GESTIONE RISORSA IDRICA PROVINCIA AUTONOMA DI TRENTO,PIANO STRAORDINARIO TUTELA E GESTIONE RISORSA IDRICA PROVINCIA AUTONOMA DI TRENTO,OpenCoesione / Fondi UE,IT,,,,,EUR,,,attivo,https://opencoesione.gov.it/it/api/programmi/2007PI004MA014/?format=json,,pubblica_amministrazione,enti_pubblici|pa,
OC-2007PI004MA002,OpenCoesione,appalto_servizi,PIANO STRAORDINARIO TUTELA E GESTIONE RISORSA IDRICA REGIONE ABRUZZO,PIANO STRAORDINARIO TUTELA E GESTIONE RISORSA IDRICA REGIONE ABRUZZO,OpenCoesione / Fondi UE,IT,Abruzzo,,,,EUR,,,attivo,https://opencoesione.gov.it/it/api/programmi/2007PI004MA002/?format=json,,pubblica_amministrazione,enti_pubblici|pa,
OC-2007PI004MA013,OpenCoesione,appalto_servizi,PIANO STRAORDINARIO TUTELA E GESTIONE RISORSA IDRICA REGIONE EMILIA ROMAGNA,PIANO STRAORDINARIO TUTELA E GESTIONE RISORSA IDRICA REGIONE EMILIA ROMAGNA,OpenCoesione / Fondi UE,IT,,,,,EUR,,,attivo,https://opencoesione.gov.it/it/api/programmi/2007PI004MA013/?format=json,,pubblica_amministrazione,enti_pubblici|pa,
OC-2007PI004MA011,OpenCoesione,appalto_servizi,PIANO STRAORDINARIO TUTELA E GESTIONE RISORSA IDRICA REGIONE FRIULI VENEZIA GIULIA,PIANO STRAORDINARIO TUTELA E GESTIONE RISORSA IDRICA REGIONE FRIULI VENEZIA GIULIA,OpenCoesione / Fondi UE,IT,Friuli-Venezia Giulia,,,,EUR,,,attivo,https://opencoesione.gov.it/it/api/programmi/2007PI004MA011/?format=json,,pubblica_amministrazione,enti_pubblici|pa,
OC-2007PI004MA004,OpenCoesione,appalto_servizi,PIANO STRAORDINARIO TUTELA E GESTIONE RISORSA IDRICA REGIONE LAZIO,PIANO STRAORDINARIO TUTELA E GESTIONE RISORSA IDRICA REGIONE LAZIO,OpenCoesione / Fondi UE,IT,Lazio,,,,EUR,,,attivo,https://opencoesione.gov.it/it/api/programmi/2007PI004MA004/?format=json,,pubblica_amministrazione,enti_pubblici|pa,
OC-2007PI004MA008,OpenCoesione,appalto_servizi,PIANO STRAORDINARIO TUTELA E GESTIONE RISORSA IDRICA REGIONE LIGURIA,PIANO STRAORDINARIO TUTELA E GESTIONE RISORSA IDRICA REGIONE LIGURIA,OpenCoesione / Fondi UE,IT,Liguria,,,,EUR,,,attivo,https://opencoesione.gov.it/it/api/programmi/2007PI004MA008/?format=json,,pubblica_amministrazione,enti_pubblici|pa,
OC-2007PI004MA003,OpenCoesione,appalto_servizi,PIANO STRAORDINARIO TUTELA E GESTIONE RISORSA IDRICA REGIONE LOMBARDIA,PIANO STRAORDINARIO TUTELA E GESTIONE RISORSA IDRICA REGIONE LOMBARDIA,OpenCoesione / Fondi UE,IT,Lombardia,,,,EUR,,,attivo,https://opencoesione.gov.it/it/api/programmi/2007PI004MA003/?format=json,,pubblica_amministrazione,enti_pubblici|pa,
OC-2007PI004MA007,OpenCoesione,appalto_servizi,PIANO STRAORDINARIO TUTELA E GESTIONE RISORSA IDRICA REGIONE MARCHE,PIANO STRAORDINARIO TUTELA E GESTIONE RISORSA IDRICA REGIONE MARCHE,OpenCoesione / Fondi UE,IT,Marche,,,,EUR,,,attivo,https://opencoesione.gov.it/it/api/programmi/2007PI004MA007/?format=json,,pubblica_amministrazione,enti_pubblici|pa,
OC-2007PI004MA005,OpenCoesione,appalto_servizi,PIANO STRAORDINARIO TUTELA E GESTIONE RISORSA IDRICA REGIONE MOLISE,PIANO STRAORDINARIO TUTELA E GESTIONE RISORSA IDRICA REGIONE MOLISE,OpenCoesione / Fondi UE,IT,Molise,,,,EUR,,,attivo,https://opencoesione.gov.it/it/api/programmi/2007PI004MA005/?format=json,,pubblica_amministrazione,enti_pubblici|pa,
OC-2007PI004MA001,OpenCoesione,appalto_servizi,PIANO STRAORDINARIO TUTELA E GESTIONE RISORSA IDRICA REGIONE PIEMONTE,PIANO STRAORDINARIO TUTELA E GESTIONE RISORSA IDRICA REGIONE PIEMONTE,OpenCoesione / Fondi UE,IT,Piemonte,,,,EUR,,,attivo,https://opencoesione.gov.it/it/api/programmi/2007PI004MA001/?format=json,,pubblica_amministrazione,enti_pubblici|pa,
OC-2007PI004MA010,OpenCoesione,appalto_servizi,PIANO STRAORDINARIO TUTELA E GESTIONE RISORSA IDRICA REGIONE TOSCANA,PIANO STRAORDINARIO TUTELA E GESTIONE RISORSA IDRICA REGIONE TOSCANA,OpenCoesione / Fondi UE,IT,Toscana,,,,EUR,,,attivo,https://opencoesione.gov.it/it/api/programmi/2007PI004MA010/?format=json,,pubblica_amministrazione,enti_pubblici|pa,
OC-2007PI004MA006,OpenCoesione,appalto_servizi,PIANO STRAORDINARIO TUTELA E GESTIONE RISORSA IDRICA REGIONE VALLE D'AOSTA,PIANO STRAORDINARIO TUTELA E GESTIONE RISORSA IDRICA REGIONE VALLE D'AOSTA,OpenCoesione / Fondi UE,IT,Valle d'Aosta,,,,EUR,,,attivo,https://opencoesione.gov.it/it/api/programmi/2007PI004MA006/?format=json,,pubblica_amministrazione,enti_pubblici|pa,
OC-2007PI004MA009,OpenCoesione,appalto_servizi,PIANO STRAORDINARIO TUTELA E GESTIONE RISORSA IDRICA REGIONE VENETO,PIANO STRAORDINARIO TUTELA E GESTIONE RISORSA IDRICA REGIONE VENETO,OpenCoesione / Fondi UE,IT,Veneto,,,,EUR,,,attivo,https://opencoesione.gov.it/it/api/programmi/2007PI004MA009/?format=json,,pubblica_amministrazione,enti_pubblici|pa,
OC-2017PPORTTARFSC,OpenCoesione,appalto_servizi,PIASTRA PORTUALE DI TARANTO,PIASTRA PORTUALE DI TARANTO,OpenCoesione / Fondi UE,IT,,,,,EUR,,,attivo,https://opencoesione.gov.it/it/api/programmi/2017PPORTTARFSC/?format=json,,pubblica_amministrazione,enti_pubblici|pa,
OC-2021IT16RFPR003,OpenCoesione,appalto_servizi,PN FESR CULTURA,PN FESR CULTURA,OpenCoesione / Fondi UE,IT,,,,,EUR,,,attivo,https://opencoesione.gov.it/it/api/programmi/2021IT16RFPR003/?format=json,,pubblica_amministrazione,enti_pubblici|pa,
OC-2021IT16FFTA001,OpenCoesione,appalto_servizi,PN FESR FSE+ CAPACITA' PER LA COESIONE,PN FESR FSE+ CAPACITA' PER LA COESIONE,OpenCoesione / Fondi UE,IT,,,,,EUR,,,attivo,https://opencoesione.gov.it/it/api/programmi/2021IT16FFTA001/?format=json,,pubblica_amministrazione,enti_pubblici|pa,
OC-2021IT16FFPR006,OpenCoesione,appalto_servizi,PN FESR FSE+ CAPACITA' PER LA COESIONE,PN FESR FSE+ CAPACITA' PER LA COESIONE,OpenCoesione / Fondi UE,IT,,,,,EUR,,,attivo,https://opencoesione.gov.it/it/api/programmi/2021IT16FFPR006/?format=json,,pubblica_amministrazione,enti_pubblici|pa,
OC-2021IT05FFPR002,OpenCoesione,appalto_servizi,PN FESR FSE+ EQUITA' NELLA SALUTE,PN FESR FSE+ EQUITA' NELLA SALUTE,OpenCoesione / Fondi UE,IT,,,,,EUR,,,attivo,https://opencoesione.gov.it/it/api/programmi/2021IT05FFPR002/?format=json,,pubblica_amministrazione,enti_pubblici|pa,
OC-2021IT05FFPR003,OpenCoesione,appalto_servizi,PN FESR FSE+ INCLUSIONE E LOTTA ALLA POVERTA',PN FESR FSE+ INCLUSIONE E LOTTA ALLA POVERTA',OpenCoesione / Fondi UE,IT,,,,,EUR,,,attivo,https://opencoesione.gov.it/it/api/programmi/2021IT05FFPR003/?format=json,,pubblica_amministrazione,enti_pubblici|pa,
OC-2021IT16FFPR005,OpenCoesione,appalto_servizi,PN FESR FSE+ METRO PLUS E CITTA' MEDIE SUD,PN FESR FSE+ METRO PLUS E CITTA' MEDIE SUD,OpenCoesione / Fondi UE,IT,,,,,EUR,,,attivo,https://opencoesione.gov.it/it/api/programmi/2021IT16FFPR005/?format=json,,pubblica_amministrazione,enti_pubblici|pa,
OC-B17B17000280007,OpenCoesione,ricerca_nazionale,FONDO ROTATIVO FONDO CRESCITA SOSTENIBILE,FONDO ROTATIVO FONDO CRESCITA SOSTENIBILE,XENIA PROGETTI S.R.L.,IT,,,,334553060.77,EUR,,,scaduto,https://opencoesione.gov.it/it/api/progetti/4miseffcs/?format=json,,innovazione|ricerca,aziende|enti_ricerca|universita,
OC-B86G17000160007,OpenCoesione,ricerca_nazionale,CONTO PRESSO LA BEI PER GESTIONE FONDO DEI FONDI,CONTO PRESSO LA BEI PER GESTIONE FONDO DEI FONDI,VR MEDIA SRL,IT,,,,270000000.0,EUR,,,attivo,https://opencoesione.gov.it/it/api/progetti/1misebei20142020/?format=json,,innovazione|ricerca,aziende|enti_ricerca|universita,
OC-H22E06000040001,OpenCoesione,ricerca_nazionale,REALIZZAZIONE DEL CENTRO PER LE BIOTECNOLOGIE E LA RICERCA BIOMEDICA,REALIZZAZIONE DEL CENTRO PER LE BIOTECNOLOGIE E LA RICERCA BIOMEDICA,FONDAZIONE RI.MED,IT,,,,220000000.0,EUR,,,attivo,https://opencoesione.gov.it/it/api/progetti/1miseh22e06000040001/?format=json,,innovazione|ricerca,aziende|enti_ricerca|universita,
OC-B58I23002290006,OpenCoesione,ricerca_nazionale,Nuova Sabatini,Nuova Sabatini,MINISTERO DELLO SVILUPPO ECONOMICO - DGIAI,IT,,,,168175399.55,EUR,,,scaduto,https://opencoesione.gov.it/it/api/progetti/1misensab_pac/?format=json,,innovazione|ricerca,aziende|enti_ricerca|universita,
OC-H71J06000380001,OpenCoesione,ricerca_nazionale,Gestione fondazione e progetti di ricerca,Gestione fondazione e progetti di ricerca,FONDAZIONE RI.MED,IT,,,,161658999.72,EUR,,,attivo,https://opencoesione.gov.it/it/api/progetti/1miseh71j06000380001/?format=json,,innovazione|ricerca,aziende|enti_ricerca|universita,
OC-C55H23004080008,OpenCoesione,ricerca_nazionale,Contratto di sviluppo Acciaierie d'Italia S.p.A.,Contratto di sviluppo Acciaierie d'Italia S.p.A.,MIMIT - MINISTERO DELLE IMPRESE E DEL MADE IN ITALY,IT,,,,157850000.0,EUR,,,attivo,https://opencoesione.gov.it/it/api/progetti/4misecds001073/?format=json,,innovazione|ricerca,aziende|enti_ricerca|universita,
OC-B91B19000870008,OpenCoesione,ricerca_nazionale,IPCEI- Microelettronica Sicilia,IPCEI- Microelettronica Sicilia,STMicroelectronics,IT,Sicilia,,,143123264.26,EUR,,,attivo,https://opencoesione.gov.it/it/api/progetti/4miseipcei00101m/?format=json,,innovazione|ricerca,aziende|enti_ricerca|universita,
OC-C97H20004080008,OpenCoesione,ricerca_nazionale,Cofinanziamento regionale contratti di innovazione di cui ai D.M. 2017 - D.M. 2018 - D.M. 2019 e contratti di sviluppo,Cofinanziamento regionale contratti di innovazione di cui ai D.M. 2017 - D.M. 2018 - D.M. 2019 e contratti di sviluppo,REGIONE ABRUZZO,IT,Abruzzo,,,143094225.83,EUR,,,attivo,https://opencoesione.gov.it/it/api/progetti/1miseabrsf02-29-2/?format=json,,innovazione|ricerca,aziende|enti_ricerca|universita,
OC-D57C11000060009,OpenCoesione,ricerca_nazionale,Fondo per prestiti ed altri strumenti finanziari,Fondo per prestiti ed altri strumenti finanziari,REGIONE TOSCANA,IT,Toscana,,,130506382.78,EUR,,,scaduto,https://opencoesione.gov.it/it/api/progetti/6to465130/?format=json,,innovazione|ricerca,aziende|enti_ricerca|universita,
OC-F51B25000310002,OpenCoesione,ricerca_nazionale,Fondo di partecipazione per il sostegno a iniziative tecnologie critiche STEP,Fondo di partecipazione per il sostegno a iniziative tecnologie critiche STEP,MIMIT MINISTERO DELLE IMPRESE E DEL MADE IN ITALY,IT,,,,112049980.38,EUR,,,attivo,https://opencoesione.gov.it/it/api/progetti/f51b25000310002-fopart/?format=json,,innovazione|ricerca,aziende|enti_ricerca|universita,
OC-F81I18000170005,OpenCoesione,ricerca_nazionale,MIRROR GOVSATCOM - Partenariato per l'Innovazione (PpI),MIRROR GOVSATCOM - Partenariato per l'Innovazione (PpI),Thales Alenia Space S.p.A.,IT,,,,105000000.0,EUR,,,attivo,https://opencoesione.gov.it/it/api/progetti/4misemgscppi/?format=json,,innovazione|ricerca,aziende|enti_ricerca|universita,
OC-B75G11000430007,OpenCoesione,ricerca_nazionale,Fondo rotativo DM 23 luglio,Fondo rotativo DM 23 luglio,MIMIT - MINISTERO DELLE IMPRESE E DEL MADE IN ITALY,IT,,,,94899047.42,EUR,,,scaduto,https://opencoesione.gov.it/it/api/progetti/1misefodm/?format=json,,innovazione|ricerca,aziende|enti_ricerca|universita,
OC-F84I20000490005,OpenCoesione,ricerca_nazionale,MIRROR COPERNICUS Realizzazione Sistema IA-MSGS,MIRROR COPERNICUS Realizzazione Sistema IA-MSGS,Ministero dello Sviluppo Economico - DGPICPMI,IT,,,,85440000.0,EUR,,,attivo,https://opencoesione.gov.it/it/api/progetti/4misecopernicus-ia-msgs/?format=json,,innovazione|ricerca,aziende|enti_ricerca|universita,
OC-B26I23000060001,OpenCoesione,ricerca_nazionale,Contratto di Sviluppo - PACKAGING to POLYMERS S.r.l. (P2P),Contratto di Sviluppo - PACKAGING to POLYMERS S.r.l. (P2P),PACKAGING TO POLYMERS S.r.l.,IT,,,,82056434.0,EUR,,,attivo,https://opencoesione.gov.it/it/api/progetti/4misecds001098/?format=json,,innovazione|ricerca,aziende|enti_ricerca|universita,
OC-B75G12000760007,OpenCoesione,ricerca_nazionale,FONDO ROTATIVO PON R&C 2007-2013 FESR CONTRATTI DI SVILUPPO ASSE I,FONDO ROTATIVO PON R&C 2007-2013 FESR CONTRATTI DI SVILUPPO ASSE I,MIMIT - MINISTERO DELLE IMPRESE E DEL MADE IN ITALY,IT,,,,68384847.69,EUR,,,scaduto,https://opencoesione.gov.it/it/api/progetti/1misefocs1/?format=json,,innovazione|ricerca,aziende|enti_ricerca|universita,
OC-C34E14000400008,OpenCoesione,ricerca_nazionale,Contratto di sviluppo-Euralenergy SpA,Contratto di sviluppo-Euralenergy SpA,MIMIT - MINISTERO DELLE IMPRESE E DEL MADE IN ITALY,IT,,,,68032000.0,EUR,,,attivo,https://opencoesione.gov.it/it/api/progetti/4misecds0312/?format=json,,innovazione|ricerca,aziende|enti_ricerca|universita,
OC-C35H23003900008,OpenCoesione,ricerca_nazionale,Contratto di sviluppo-ECOLOGISTIC SOCIETA' PER AZIONI,Contratto di sviluppo-ECOLOGISTIC SOCIETA' PER AZIONI,MIMIT - MINISTERO DELLE IMPRESE E DEL MADE IN ITALY,IT,,,,68000000.0,EUR,,,attivo,https://opencoesione.gov.it/it/api/progetti/4misecds001062/?format=json,,innovazione|ricerca,aziende|enti_ricerca|universita,
OC-I12F18000100007,OpenCoesione,ricerca_nazionale,DTT - Divertor Tokamak Test,DTT - Divertor Tokamak Test,REGIONE LAZIO,IT,Lazio,,,64500000.0,EUR,,,attivo,https://opencoesione.gov.it/it/api/progetti/5la18014ba0240e0001/?format=json,,innovazione|ricerca,aziende|enti_ricerca|universita,
OC-B25F20001640006,OpenCoesione,ricerca_nazionale,Brevetti+ - Bando per la concessione di agevolazioni alle imprese per la valorizzazione economica dei brevetti,Brevetti+ - Bando per la concessione di agevolazioni alle imprese per la valorizzazione economica dei brevetti,the EDGE company,IT,,,,57242504.71,EUR,,,attivo,https://opencoesione.gov.it/it/api/progetti/4misebrevetti/?format=json,,innovazione|ricerca,aziende|enti_ricerca|universita,
TED-298911-2026,TED,ricerca_sviluppo,Italia – Consulenza nel campo della ricerca e dello sviluppo – Knowledge production and knowledge sharing in the field of Human Capital Development (HCD),"The European Training Foundation (ETF) is the European Union Agency that supports countries outside the EU in improving their human capital development, in the context of European Union (EU) external relations policies. Currently the ETF cooperates at country and regional level with the countries of the EU Neighbourhood and Enlargement regions, and in Central Asia, as well as contributing to the EU external policies and programmes in other regions and with the African Union in response to specific requests from the European Commission. The objective of this tender is to support the ETF work with the production of reliable knowledge, evidence and analysis in specific topics in the field of Human Capital Development as well as to strengthen the ETF’s role in sharing it both within and outside the EU. . The main types of services requested are: A. Knowledge production in the form of design and implementation of studies, research studies and projects B. Knowledge sharing in the form of des",European Training Foundation (ETF),ITA,,,,12000000.0,EUR,2026-04-29,,aggiudicato,https://ted.europa.eu/it/notice/-/detail/298911-2026,https://ted.europa.eu/it/notice/298911-2026/pdf,formazione|ricerca,aziende|centri_ricerca|universita,73200000|79951000|79952000|80310000|80400000|80420000|80500000|80511000|80521000|80531200
TED-293851-2026,TED,ricerca_sviluppo,Italia – Servizi di sviluppo sperimentale – Servizio di esecuzione di prove sperimentali per il miglioramento della gestione di patogeni e fitofagi nelle colture agrarie e per lo studio di strategie di difesa sostenibile,Frutticole in semicampo Frutticoltura integrata Frutticoltura biologica Colture erbacee/orticole Problematiche emergenti e tecniche innovative,INTERCENT-ER AGENZIA REGIONALE DI SVILUPPO DEI MERCATI TELEMATICI,ITA,,,,98634.0,EUR,2026-04-27,,aggiudicato,https://ted.europa.eu/it/notice/-/detail/293851-2026,https://ted.europa.eu/it/notice/293851-2026/pdf,ricerca,aziende|centri_ricerca|universita,73120000
TED-277047-2026,TED,ricerca_sviluppo,"Italia – Servizi di ricerca e sviluppo nonché servizi di consulenza affini – Development of evidence-based European guidelines, quality indicators and requirements for prostate cancer screening, diagnosis and care","The objectives of this contract are 1) to deliver a first set of evidence-based recommendations and associated quality indicators for screening and diagnosis of prostate cancer within the European context and in the frame of the European Commission Initiative on Prostate Cancer (EC-PrC), and 2) to execute the preparatory work for the development of the quality assurance scheme covering the entire prostate cancer care pathway from screening to palliative care and to deliver a first set of quality requirements. The adopted methodological approach shall be aligned with the ongoing EC Initiatives on breast, colorectal and cervical cancers. The outputs shall be made publicly accessible via the EC web-hub for the European cancer guidelines and quality assurance schemes.","European Commission, DG JRC - Joint Research Centre",ITA,,,,2000000.0,EUR,2026-04-22,,aggiudicato,https://ted.europa.eu/it/notice/-/detail/277047-2026,https://ted.europa.eu/it/notice/277047-2026/pdf,ricerca|sanità,aziende|centri_ricerca|enti_sanitari,73000000|79400000|85100000
TED-278990-2026,TED,ricerca_sviluppo,"Italia – Servizi di ricerca e sviluppo sperimentale – Avviso di modifica della Scheda Tecnica relativa ai Servizi di Innovazione ""SVZ-INN-01-02""","Avviso di modifica della Scheda Tecnica relativa ai Servizi di Innovazione ""SVZ-INN-01 Gestione delle iniziative dedicate all’innovazione e sostegno a start up innovative"" e ""SVZ-INN-02 Enterprise Innovation Strategy, Business Integration, Incubation e Innovation Services, Innovation Project Management, Controlling, Governance della Proprietà Intellettuale (IP)""",Ferservizi S.p.A. Gruppo Ferrovie dello Stato Italiane (Società con socio unico soggetta alla direzione e coordinamento di Ferrovie dello Stato Italiane S.p.A.),ITA,,,,,EUR,2026-04-21,,attivo,https://ted.europa.eu/it/notice/-/detail/278990-2026,https://ted.europa.eu/it/notice/278990-2026/pdf,ricerca,aziende|centri_ricerca|universita,73100000|73200000
TED-268330-2026,TED,ricerca_sviluppo,Italia – Consulenza nel campo della ricerca e dello sviluppo – Application of Human Biomonitoring (HBM) data in EFSA’s Chemical Risk Assessment,"This open call is launched to support the development of a comprehensive and fit-for-purpose strategy for integrating Human Biomonitoring (HBM) data into EFSA’s chemical risk assessment processes by establishing access to available HBM data, reviewing methodologies for HBM data use, elaborating relevant use cases for EFSA, and formulating key recommendations.",European Food Safety Authority,ITA,,,,600000.0,EUR,2026-04-17,2026-05-26,attivo,https://ted.europa.eu/it/notice/-/detail/268330-2026,https://ted.europa.eu/it/notice/268330-2026/pdf,ricerca,aziende|centri_ricerca|universita,73200000
TED-264529-2026,TED,ricerca_sviluppo,Italia – Servizi di ricerca e sviluppo nonché servizi di consulenza affini – Emerging risk Identification through analysis of botanical substances in food supplements,,European Food Safety Authority,ITA,,,,,EUR,2026-04-16,,attivo,https://ted.europa.eu/it/notice/-/detail/264529-2026,https://ted.europa.eu/it/notice/264529-2026/pdf,ricerca,aziende|centri_ricerca|universita,73000000
TED-265234-2026,TED,ricerca_sviluppo,Italia – Servizi di ricerca e sviluppo nonché servizi di consulenza affini – Novel strategy for allergenicity risk assessment of proteins in regulated food and feed products,"The aim of this call is to seek support for the development of a novel strategy for allergenicity risk assessment (RA) of proteins in food and feed. For both clinically-relevant cross-reactivity and de novo sensitisation, the project foresees the development of open source in silico prediction/appraisal tools to be validated with experimental data; assessment of future prospects for in silico tools; estimation of thresholds of allergological concern, and the development of a systematic tiered approach with a decision-making framework. This novel strategy will enhance the reliability and speed of allergenicity RA and support process simplification and harmonisation, ultimately enabling better-informed risk management decision-making.",European Food Safety Authority,ITA,,,,1300000.0,EUR,2026-04-16,2026-06-15,attivo,https://ted.europa.eu/it/notice/-/detail/265234-2026,https://ted.europa.eu/it/notice/265234-2026/pdf,ricerca,aziende|centri_ricerca|universita,73000000
TED-261324-2026,TED,ricerca_sviluppo,Italia – Servizi di ricerca e sviluppo nonché servizi di consulenza affini – Emerging risk Identification through analysis of botanical substances in food supplements,,European Food Safety Authority,ITA,,,,,EUR,2026-04-15,,attivo,https://ted.europa.eu/it/notice/-/detail/261324-2026,https://ted.europa.eu/it/notice/261324-2026/pdf,ricerca,aziende|centri_ricerca|universita,73000000
TED-260476-2026,TED,ricerca_sviluppo,Italia – Servizi di ricerca – Preparatory support on bioinformatics for the evaluation of the risk assessment of GMO dossiers,"Preparatory work on completeness, compliance and quality of the bioinformatics analyses provided by applicants in GMO dossiers",European Food Safety Authority,ITA,,,,320000.0,EUR,2026-04-14,2026-05-19,attivo,https://ted.europa.eu/it/notice/-/detail/260476-2026,https://ted.europa.eu/it/notice/260476-2026/pdf,ricerca,aziende|centri_ricerca|universita,73110000
TED-256929-2026,TED,servizi_professionali,Italia – Servizi agricoli – Operational Support to In-Season Crop Monitoring and Yield Forecasting Activities (MARSOP7),,"European Commission, DG JRC - Joint Research Centre",ITA,,,,,EUR,2026-04-13,,attivo,https://ted.europa.eu/it/notice/-/detail/256929-2026,https://ted.europa.eu/it/notice/256929-2026/pdf,ambiente|ingegneria|ricerca|tecnologia,aziende,71351610|72230000|72310000|72320000|73200000|77100000|90711500
TED-250928-2026,TED,ricerca_sviluppo,Italia – Servizi di ricerca e sviluppo nonché servizi di consulenza affini – Strategies for grouping chemicals,"The project aims to streamline and harmonise the implementation of chemical grouping to support human risk assessment of combined exposure to multiple chemicals. Its main tasks are to map EFSA’s current and future needs, identify relevant data types and sources (including traditional toxicological data and emerging technologies) as well as practices and approaches (such as AI-driven data extraction), and define key aspects for efficient data collection and appraisal. The expected outcome is a compendium of existing data types, sources and approaches, accompanied by recommendations for an operational strategy, ideally utilizing automated solutions to enable consistent and effective chemical grouping across EFSA’s domains.",European Food Safety Authority,ITA,,,,400000.0,EUR,2026-04-10,2026-05-27,attivo,https://ted.europa.eu/it/notice/-/detail/250928-2026,https://ted.europa.eu/it/notice/250928-2026/pdf,ricerca,aziende|centri_ricerca|universita,73000000
TED-253552-2026,TED,ricerca_sviluppo,Italia – Servizi di consulenza nel campo dello sviluppo – Proc. n. 4304/AQ/2026 - Accordo Quadro assistenza tecnica ADG FSE,"Accordo Quadro Quadriennale e successivo confronto competitivo con 3 operatori economici, per l’affidamento di servizi di “Assistenza Tecnica Specialistica all’Autorità di Gestione e strutture connesse per il Programma Regionale Fondo Sociale Europeo + 2021-2027 della Regione Campania”.",Giunta Regionale della Campania - Ufficio Speciale Centrale Acquisti,ITA,Campania,,,36000000.0,EUR,2026-04-10,2026-05-02,attivo,https://ted.europa.eu/it/notice/-/detail/253552-2026,https://ted.europa.eu/it/notice/253552-2026/pdf,ricerca,aziende|centri_ricerca|universita,73220000
TED-235151-2026,TED,ricerca_sviluppo,Italia – Servizi di consulenza nel campo della ricerca – SERVIZIO DI SUPPORTO E ASSISTENZA ALLE ATTIVITÀ ISTITUZIONALI DI IFEL VERSO I COMUNI IN MATERIA DI FABBISOGNI STANDARD E FISCALITÀ LOCALE,SERVIZIO DI SUPPORTO E ASSISTENZA ALLE ATTIVITÀ ISTITUZIONALI DI IFEL VERSO I COMUNI IN MATERIA DI FABBISOGNI STANDARD E FISCALITÀ LOCALE,Istituto per la Finanza e l’Economia Locale-IFEL,ITA,,,,570000.0,EUR,2026-04-03,2026-05-08,attivo,https://ted.europa.eu/it/notice/-/detail/235151-2026,https://ted.europa.eu/it/notice/235151-2026/pdf,ricerca,aziende|centri_ricerca|universita,73210000
TED-235190-2026,TED,ricerca_sviluppo,"Italia – Progettazione e realizzazione di ricerca e sviluppo – Procedura Aperta, ai sensi dell’articolo 71 comma 2, lett.b) del D.Lgs 36/2023, per la progettazione e la realizzazione di un sistema integrato per lo storage, la gestione, l’analisi e la messa in dis","PROGETTAZIONE E LA REALIZZAZIONE DI UN SISTEMA INTEGRATO PER LO STORAGE, LA GESTIONE E L’ANALISI",AZIENDA USL DI BOLOGNA,ITA,,,,1560000.0,EUR,2026-04-03,2026-04-28,scaduto,https://ted.europa.eu/it/notice/-/detail/235190-2026,https://ted.europa.eu/it/notice/235190-2026/pdf,ricerca,aziende|centri_ricerca|universita,73300000
TED-233924-2026,TED,servizi_professionali,Italia – Vari servizi di ingegneria – Servizi tecnici porzione ex Ala Vecchia SU,Affidamento servizi tecnici,ASL 1 - AVEZZANO-SULMONA-L'AQUILA,ITA,,,,292000.0,EUR,2026-04-03,2026-04-03,scaduto,https://ted.europa.eu/it/notice/-/detail/233924-2026,https://ted.europa.eu/it/notice/233924-2026/pdf,ingegneria,aziende,71330000
TED-233988-2026,TED,appalto_servizi,Italia – Attrezzature elettriche – GARA EUROPEA A PROCEDURA APERTA PER LA CONCLUSIONE DI UN ACCORDO QUADRO PER L’AFFIDAMENTO DELLA FORNITURA DI MATERIALE ELETTRICO PER RIPARAZIONE E MANUTENZIONE DEGLI APPARATI PRESSO GLI IMPIANTI GESTITIDA SO.RI.CAL. suddivisa in CINQUE Lotti,Distretto 1 CS Distretto 3 VV Distretti 2-4 KR-CO/RO Distretto 5 CZ Distretti 6-7 RC-LCR,sorical spa,ITA,,,,180000.0,EUR,2026-04-03,,attivo,https://ted.europa.eu/it/notice/-/detail/233988-2026,https://ted.europa.eu/it/notice/233988-2026/pdf,,aziende,31681410
TED-233998-2026,TED,servizi_ambientali,"Italia – Servizi fognari, di raccolta dei rifiuti, di pulizia e ambientali – SERVIZIO DI PULIZIA DELLE AREE COMUNI DEI PORTI DI TRAPANI E PORTO EMPEDOCLE, DECESPUGLIAMENTO, CURA DEL VERDE, PULIZIA GARITTE, RIMOZIONE RI-FIUTI SPECIALI PERICOLOSI E NON ABBANDONATI DA IGNOTI E RELATIVI CONFERI-MENTI A DISCARICA PIATTAFORMA. DURATA DI 4 ANNI + OPZIONE DI PROROGA PER 6 MESI (lotto 1)",Lotto 1 Porto di Trapani,Autorità di Sistema Portuale del Mare di Sicilia Occidentale,ITA,Sicilia,,,750754.92,EUR,2026-04-03,,aggiudicato,https://ted.europa.eu/it/notice/-/detail/233998-2026,https://ted.europa.eu/it/notice/233998-2026/pdf,ambiente,aziende,90000000
TED-234070-2026,TED,appalto_servizi,Italia – Servizi speciali di trasporto passeggeri su strada – PROCEDURA APERTA PER L’AFFIDAMENTO DELLA GESTIONE DEL SERVIZIO DI TRASPORTO SCOLASTICO DEL COMUNE DI PIANORO PER GLI ANNI SCOLASTICI 2026/2027 – 2027/2028 – 2028/2029 – 2029/2030 – 2030/2031,TRASPORTO SCOLASTICO,UNIONE DEI COMUNI SAVENA - IDICE,ITA,,,,1487852.83,EUR,2026-04-03,2026-04-28,scaduto,https://ted.europa.eu/it/notice/-/detail/234070-2026,https://ted.europa.eu/it/notice/234070-2026/pdf,,aziende,60130000
TED-234099-2026,TED,servizi_ambientali,"Italia – Servizi fognari, di raccolta dei rifiuti, di pulizia e ambientali – SERVIZIO DI PULIZIA DELLE AREE COMUNI DEI PORTI DI TRAPANI E PORTO EMPEDOCLE, DECESPUGLIAMENTO, CURA DEL VERDE, PULIZIA GARITTE, RIMOZIONE RI-FIUTI SPECIALI PERICOLOSI E NON ABBANDONATI DA IGNOTI E RELATIVI CONFERI-MENTI A DISCARICA PIATTAFORMA. DURATA DI 4 ANNI + OPZIONE DI PROROGA PER 6 MESI (lotto 2)",Lotto 2 porto di Porto Empedocle,Autorità di Sistema Portuale del Mare di Sicilia Occidentale,ITA,Sicilia,,,547638.0,EUR,2026-04-03,,aggiudicato,https://ted.europa.eu/it/notice/-/detail/234099-2026,https://ted.europa.eu/it/notice/234099-2026/pdf,ambiente,aziende,90000000
TED-234100-2026,TED,dispositivi_medici,Italia – Sistemi diagnostici – Fornitura in service di sistemi analitici a prevalente utilizzo POCT per l’esecuzione di test di emogasanalisi occorrenti ai Presidi Ospedalieri dell’ASL Città di Torino,Fornitura in service di sistemi analitici a prevalente utilizzo POCT per l’esecuzione di test di emogasanalisi occorrenti ai Presidi Ospedalieri dell’ASL Città di Torino,ASL CITTA' DI TORINO,ITA,,,,2924000.0,EUR,2026-04-03,,aggiudicato,https://ted.europa.eu/it/notice/-/detail/234100-2026,https://ted.europa.eu/it/notice/234100-2026/pdf,medicale,aziende,33124110
TED-234146-2026,TED,servizi_professionali,Italia – Servizi di ingegneria – SERVIZIO DI INGEGNERIA PER LA PROGETTAZIONE ESECUTIVA RELATIVA AL MIGLIORAMENTO E/O ADEGUAMENTO DI PONTI CRITICI DELLA CITTA' METROPOLITANA DI CATANIA,SERVIZIO DI INGEGNERIA PER LA PROGETTAZIONE ESECUTIVA RELATIVA AL MIGLIORAMENTO E/O ADEGUAMENTO DI PONTI CRITICI DELLA CITTA' METROPOLITANA DI CATANIA,CITTA' METROPOLITANA DI CATANIA,ITA,,,,2609000.0,EUR,2026-04-03,,aggiudicato,https://ted.europa.eu/it/notice/-/detail/234146-2026,https://ted.europa.eu/it/notice/234146-2026/pdf,ingegneria,aziende,71300000
TED-234151-2026,TED,servizi_sanitari,"Italia – Servizi di assistenza sociale per persone anziane – GARA EUROPEA A PROCEDURA APERTA TELEMATICA AI SENSI DEGLI ARTT. 71 E 176 DEL D.LGS. 36/2023 E S.M.I. DELLA GESTIONE GLOBALE DELLA RESIDENZA PROTETTA- R.S.A.- CENTRO DIURNO - STRUTTURA A. SABBADINI SITA IN SARZANA - VIA FALCINELLO, 1 PER CONTO DEL COMUNE DI SARZANA","GARA EUROPEA A PROCEDURA APERTA TELEMATICA AI SENSI DEGLI ARTT. 71 E 176 DEL D.LGS. 36/2023 E S.M.I. DELLA GESTIONE GLOBALE DELLA RESIDENZA PROTETTA- R.S.A.- CENTRO DIURNO - STRUTTURA A. SABBADINI SITA IN SARZANA - VIA FALCINELLO, 1 PER CONTO DEL COMUNE DI SARZANA",Provincia della Spezia - SUA (Stazione Unica Appaltante),ITA,,,,11074339.03,EUR,2026-04-03,,aggiudicato,https://ted.europa.eu/it/notice/-/detail/234151-2026,https://ted.europa.eu/it/notice/234151-2026/pdf,sanità,aziende|enti_sanitari,85311100
TED-234225-2026,TED,appalto_servizi,Italia – Servizi marini – AVVISO PUBBLICO PER L'INDIZIONE DI UNA PROCEDURA A EVIDENZA PUBBLICA PER L'AFFIDAMENTO IN CONCESSIONE DI N.1 AREA DEMANIALE MARITTIMA DESTINATA ALLA NAUTICA DA DIPORTO &#8211; PORTO DI SAPRI &#8211; LOTTO B,"AFFIDAMENTO IN CONCESSIONE DI SPECCHI ACQUEI DEMANIALI MARITTIMI DA ADIBIRE AD ORMEGGIO E NAUTICA DA DIPORTO, UBICATI NEL PORTO DI SAPRI - STAGIONE BALNEARE 2026 &#8211; LOTTO B",Comune di Sapri,ITA,,,,3444.88,EUR,2026-04-03,,attivo,https://ted.europa.eu/it/notice/-/detail/234225-2026,https://ted.europa.eu/it/notice/234225-2026/pdf,,aziende,98360000
TED-234247-2026,TED,appalto_servizi,"Italia – Guanti – Procedura aperta telematica per la fornitura di Guanti in vinile non sterili senza polvere, Guanti in nitrile non sterili senza polvere, Guanti in nitrile per antiblastici non sterili senza polvere per le Aziende Sanitarie della Regione del Veneto nell’ ambito della gestione delle scorte Strategiche per il PANFLU",Guanti in vinile non sterili senza polvere per 36 mesi Guanti in nitrile non sterili senza polvere per 36 mesi Guanti in nitrile per antiblastici non sterili senza polvere per 36 mesi,Azienda Zero,ITA,Veneto,,,31668000.0,EUR,2026-04-03,,attivo,https://ted.europa.eu/it/notice/-/detail/234247-2026,https://ted.europa.eu/it/notice/234247-2026/pdf,,aziende,18424000
TED-234350-2026,TED,appalto_servizi,"Italia – Servizi di installazione di apparecchiature radio, televisive, audio e video – Gara Europea servizi Festival 2 lotti - AVL e STREAMING",SERVIZI AUDIO VIDEO E LUCI SERVIZI DI STREAMING,Trentino Sviluppo S.P.A.,ITA,Trentino-Alto Adige,,,1394400.0,EUR,2026-04-03,,aggiudicato,https://ted.europa.eu/it/notice/-/detail/234350-2026,https://ted.europa.eu/it/notice/234350-2026/pdf,,aziende,51310000|64228100
TED-234411-2026,TED,servizi_sanitari,"Italia – Servizi sociali – SUAR. GARA A PROCEDURA APERTA, PER CONTO DELL'ATS 17 (CAPOFILA COMUNE DI BOLANO SP) PER AFFIDAMENTO SERVIZIO DI ATTIITA' DIURNA E LABORATORI COLLATERALI DEL CENTRO SOCIO RIABILITATIVO PER PERSONE DISABILI ""IL NUOVO VOLO"" NONCHE' DELLA GESTIONE DELL'APPARTAMENTO DOPODINOI ""CASA LOLLO""","SUAR. GARA A PROCEDURA APERTA, PER CONTO DELL'ATS 17 (CAPOFILA COMUNE DI BOLANO SP) PER AFFIDAMENTO SERVIZIO DI ATTIITA' DIURNA E LABORATORI COLLATERALI DEL CENTRO SOCIO RIABILITATIVO PER PERSONE DISABILI ""IL NUOVO VOLO"" NONCHE' DELLA GESTIONE DELL'APPARTAMENTO DOPODINOI ""CASA LOLLO""",STAZIONE UNICA APPALTANTE REGIONE LIGURIA,ITA,Liguria,,,992178.24,EUR,2026-04-03,,aggiudicato,https://ted.europa.eu/it/notice/-/detail/234411-2026,https://ted.europa.eu/it/notice/234411-2026/pdf,sanità,aziende|enti_sanitari,85320000
TED-234423-2026,TED,servizi_professionali,Italia – Servizi di ingegneria – DIALOGO COMPETITIVO PER L'AFFIDAMENTO DI SERVIZI DI INGEGNERIA E ARCHITETTURA PER LA PROGETTAZIONE E REALIZZAZIONE DI UN INTELLIGENT GREEN SERVICE CENTER (IGSC) PRESSO GLI EX MULINI MILITARI BORBONICI DELLA REGGIA DI CASERTA CUP: F87H24001520006,DIALOGO COMPETITIVO PER L'AFFIDAMENTO DI SERVIZI DI INGEGNERIA E ARCHITETTURA PER LA PROGETTAZIONE E REALIZZAZIONE DI UN INTELLIGENT GREEN SERVICE CENTER (IGSC) PRESSO GLI EX MULINI MILITARI BORBONICI DELLA REGGIA DI CASERTA CUP: F87H24001520006,Pantheon e Castel Sant'Angelo - Direzione Musei nazionali della città di Roma,ITA,,,,600703.64,EUR,2026-04-03,,attivo,https://ted.europa.eu/it/notice/-/detail/234423-2026,https://ted.europa.eu/it/notice/234423-2026/pdf,ingegneria,aziende,71300000
TED-234463-2026,TED,servizi_sanitari,Italia – Servizi di assistenza sociale – PROGETTO DI ACCOGLIENZA DEI MINORI STRANIERI NON ACCOMPAGNATI (M.S.N.A.) – SAI PROG 379 PR4 PER IL PERIODO 01/06/2026 – 31/10/2028 - COMUNE DI MENDICINO (CS),"BANDO DI GARA PER L’INDIVIDUAZIONE DELL’ENTE ATTUATORE DEL PROGETTO DI ACCOGLIENZA DEI MINORI STRANIERI NON ACCOMPAGNATI (M.S.N.A.) – SAI PROG 379 PR4 PER IL PERIODO 01/06/2026 – 31/10/2028 - COMUNE DI MENDICINO (CS) - SERVIZI DI ACCOGLIENZA, INTEGRAZIONE E TUTELA RIVOLTI AI MINORI STRANIERI NON ACCOMPAGNATI E/O RICHIEDENTI PROTEZIONE INTERNAZIONALE (MSNA) NELL'AMBITO DEL PROGETTO SIPROIMI / SAI – PROG. 379 PR4 CALABRIA",Comune di Mendicino,ITA,Calabria,,,935650.8,EUR,2026-04-03,,attivo,https://ted.europa.eu/it/notice/-/detail/234463-2026,https://ted.europa.eu/it/notice/234463-2026/pdf,sanità,aziende|enti_sanitari,85300000|85310000
TED-234486-2026,TED,servizi_ambientali,Italia – Servizi di pulizia stradale – Gara europea a procedura aperta per l'affidamento del servizio di mantenimento della qualità urbana - anni 3,Gara europea a procedura aperta per l'affidamento del servizio di mantenimento della qualità urbana - anni 3,Comune di Luino - Settore Segreteria Generale,ITA,,,,683978.81,EUR,2026-04-03,,aggiudicato,https://ted.europa.eu/it/notice/-/detail/234486-2026,https://ted.europa.eu/it/notice/234486-2026/pdf,ambiente,aziende,90611000
TED-234490-2026,TED,servizi_professionali,"Italia – Supervisione di progetti e documentazione – Servizio attinente all'architettura e all'ingegneria di verifica, ai sensi dell'art. 42 del D. Lgs. n. 36/2023, del progetto esecutivo relativo al ""Polo impiantistico costituito da un impianto di digestione anaerobica, con produzione di biometano, della frazione organica proveniente dall'impianto di trattamento meccanico e biologico dei rifiuti solidi urbani di RAP S.p.A. e da un impianto di diges","Servizio attinente all'architettura e all'ingegneria di verifica, ai sensi dell'art. 42 del D. Lgs. n. 36/2023, del progetto esecutivo relativo al ""Polo impiantistico costituito da un impianto di digestione anaerobica, con produzione di biometano, della frazione organica proveniente dall'impianto di trattamento meccanico e biologico dei rifiuti solidi urbani di RAP S.p.A. e da un impianto di digestione anaerobica, con produzione di biometano, della FORSU derivante dalla raccolta differenziata da realizzarsi in località Bellolampo, nel Comune di Palermo-CUP J78C19000020005""",RAP - Risorse Ambiente Palermo SpA,ITA,,,,268410.3,EUR,2026-04-03,,attivo,https://ted.europa.eu/it/notice/-/detail/234490-2026,https://ted.europa.eu/it/notice/234490-2026/pdf,ingegneria,aziende,71248000
TED-234553-2026,TED,appalto_servizi,Italia – Apparecchi per analisi e rivelazione – Fornitura di n.1 sistema cromatografico LC-GC-FID on line con piattaforma automatizzata per la preparativa e l’analisi di oli grassi e vegetali,N. 1 SISTEMA CROMATOGRAFICO LC-GC-FID on line con piattaforma automatizzata per la preparativa e l’analisi di oli grassi e vegetali,ARPA Puglia,ITA,Puglia,,,300000.0,EUR,2026-04-03,,aggiudicato,https://ted.europa.eu/it/notice/-/detail/234553-2026,https://ted.europa.eu/it/notice/234553-2026/pdf,,aziende,38430000
TED-234614-2026,TED,appalto_servizi,"Italia – Servizi funerari e servizi affini – AFFIDAMENTO IN CONCESSIONE MEDIANTE PROJECT FINANCING, CON DIRITTO DI PRELAZIONE IN FAVORE DEL PROMOTORE, PER LA RIQUALIFICAZIONE DEL VECCHIO IMPIANTO CIMITERIALE E LA GESTIONE DEI SERVIZI CIMITERIALI DI POLI-ZIA MORTUARIA E DELL&#8217;ILLUMINAZIONE VOTIVA.","AFFIDAMENTO IN CONCESSIONE MEDIANTE PROJECT FINANCING, CON DIRITTO DI PRELAZIONE IN FAVORE DEL PROMOTORE, PER LA RIQUALIFICAZIONE DEL VECCHIO IMPIANTO CIMITERIALE E LA GESTIONE DEI SERVIZI CIMITERIALI DI POLI-ZIA MORTUARIA E DELL&#8217;ILLUMINAZIONE VOTIVA.",MONDRAGONE,ITA,,,,21183636.89,EUR,2026-04-03,,attivo,https://ted.europa.eu/it/notice/-/detail/234614-2026,https://ted.europa.eu/it/notice/234614-2026/pdf,,aziende,98370000
TED-234620-2026,TED,appalto_servizi,Italia – Contenitori per rifiuti – GARA S.U.A. 43/2025 &#8211; &#8220;MIGLIORAMENTO E MECCANIZZAZIONE DELLA RETE DI RACCOLTA DIFFERENZIATA DEI RIFIUTI URBANI PER IL COMUNE DI GUARCINO&#8221;,MIGLIORAMENTO E MECCANIZZAZIONE DELLA RETE DI RACCOLTA DIFFERENZIATA DEI RIFIUTI URBANI PER IL COMUNE DI GUARCINO,Comune di Guarcino,ITA,,,,688300.0,EUR,2026-04-03,,aggiudicato,https://ted.europa.eu/it/notice/-/detail/234620-2026,https://ted.europa.eu/it/notice/234620-2026/pdf,,aziende,44613800
TED-234629-2026,TED,appalto_servizi,Italia – Servizi di trasporto pubblico terrestre – SUA.LECCO. COMUNE DI OLGIATE MOLGORA. SERVIZIO DI TRASPORTO SCOLASTICO PERIODO 01.09.2026 – 31.08.2028,SUA.LECCO. COMUNE DI OLGIATE MOLGORA. SERVIZIO DI TRASPORTO SCOLASTICO PERIODO 01.09.2026 – 31.08.2028,STAZIONE UNICA APPALTANTE DELLA PROVINCIA DI LECCO,ITA,,,,396000.0002,EUR,2026-04-03,,attivo,https://ted.europa.eu/it/notice/-/detail/234629-2026,https://ted.europa.eu/it/notice/234629-2026/pdf,,aziende,60112000
TED-234662-2026,TED,appalto_servizi,"Italia – Tubi – GARA EUROPEA A PROCEDURA APERTA, IN MODALITA’ TELEMATICA, PER L’AFFIDAMENTO DELLA FORNITURA DI TUBAZIONI E PEZZI SPECIALI IN ACCIAIO AL CARBONIO DESTINATI AD USI POTABILI suddivisa in SEI Lotti",Distretto 1 CS Distretto 2 CO-RO Distretto VV-LMZ Distretto 4 KR Distretto 5 - CZ DISTRETTI 6-7 RC LCR,sorical spa,ITA,,,,889380.0,EUR,2026-04-03,,attivo,https://ted.europa.eu/it/notice/-/detail/234662-2026,https://ted.europa.eu/it/notice/234662-2026/pdf,,aziende,44164200
TED-234700-2026,TED,appalto_servizi,Italia – Parti di ricambio di locomotive o materiale rotabile ferroviari o ferrotranviari; apparecchiature di controllo-comando ferroviario – eGPA 10736 per l'affidamento in appalto della fornitura di materiali con lavorazioni meccaniche e altri materiali per impieghi su rotabili ferroviarieGPA 10736 per l'affidamento in appalto della fornitura di materiali con lavorazioni meccaniche e altri materiali per impieghi su rotabili ferroviari,eGPA 10736 - Lotto 1 - Materiali che richiedono lavorazioni meccaniche con produzione eGPA 10736 - Lotto 2 - Materiali meccanici commerciali a catalogo,Trenitalia S.p.A. Direzione Logistica Industriale Acquisti Tecnici,ITA,,,,1440000.0,EUR,2026-04-03,,attivo,https://ted.europa.eu/it/notice/-/detail/234700-2026,https://ted.europa.eu/it/notice/234700-2026/pdf,,aziende,34630000
TED-234702-2026,TED,formazione,"Italia – Servizi di istruzione prescolastica – SACILE - SERVIZIO DI GESTIONE ASILO NIDO ""NICHOLAS GREEN""","SACILE - SERVIZIO DI GESTIONE ASILO NIDO ""NICHOLAS GREEN",COMUNE DI SACILE,ITA,,,,2586100.0,EUR,2026-04-03,,attivo,https://ted.europa.eu/it/notice/-/detail/234702-2026,https://ted.europa.eu/it/notice/234702-2026/pdf,formazione,aziende|enti_formazione,80110000
TED-234712-2026,TED,servizi_sanitari,Italia – Servizi di assistenza sociale e servizi affini – PROGETTO DESTEENAZIONE,SERVIZIO PLUS DESTEENAZIONE DESIDERI IN AZIONE COMUNITA ADOLOSCENTI COMMUNITY YOUNG OLBIA,Comune di Olbia,ITA,,,,3203992.52,EUR,2026-04-03,2026-04-14,scaduto,https://ted.europa.eu/it/notice/-/detail/234712-2026,https://ted.europa.eu/it/notice/234712-2026/pdf,sanità,aziende|enti_sanitari,85300000
TED-234737-2026,TED,appalto_servizi,Italia – Servizi di riparazione e manutenzione di navi – RISTRETTA,"Servizi di mantenimento in sicurezza dello scafo di Unità Navali in RTD e di galleggianti ex Unità Navali e relativo coordinamento tecnico-operativo e della sicurezza delle prestazioni Servizi di bonifica, prosciugamento e pulizia di casse e sentine di Unità Navali in RTD e di galleggianti ex Unità Navali Servizi di bonifica e messa in sicurezza dei recipienti in pressione di Unità Navali in RTD e di galleggianti ex Unità Navali Servizi di redazione dell'inventario e mappatura dei materiali pericolosi (Inventory of Hazardous Material - IHM) presenti a bordo delle Unità Navali in RTD e dei galleggianti ex Unità Navali, inclusivo del rilascio del certificato di radiation free",ARSENALE MARINA MILITARE TARANTO,ITA,,,,1853600.0,EUR,2026-04-03,2026-05-01,scaduto,https://ted.europa.eu/it/notice/-/detail/234737-2026,https://ted.europa.eu/it/notice/234737-2026/pdf,,aziende,50241000
TED-234777-2026,TED,servizi_ambientali,"Italia – Servizi di trattamento e smaltimento di rifiuti urbani e domestici non pericolosi – Gara 04 BS-2025 - ACCORDO QUADRO PER SERVIZIO DI PRE-PULIZIA, VALORIZZAZIONE E PRESSATURA DEGLI IMBALLAGGI IN PLASTICA PROVENIENTI DALLE RACCOLTE DIFFERENZIATE DI VALLE UMBRA SERVIZI S.P.A.",Servizio svolto sul 10% del quantitativo dei rifiuti di imballaggio imballaggi in plastica (EER 150102,Valle Umbra Servizi,ITA,,,,356996.38,EUR,2026-04-03,,aggiudicato,https://ted.europa.eu/it/notice/-/detail/234777-2026,https://ted.europa.eu/it/notice/234777-2026/pdf,ambiente,aziende,90513000
TED-234778-2026,TED,appalto_servizi,Italia – Servizi assicurativi – COPERTURE ASSICURATIVE : R.C. AUTO GARANZIE ACCESSORIE E AUTO RISCHI DIVERSI amministrata con Libro Matricola - AUTO RISCHI DIVERSI per i danni ai veicoli utilizzati per missioni e adempimenti di servizio o di mandato e non appartenenti al Contraente,COPERTURE ASSICURATIVE : R.C. AUTO GARANZIE ACCESSORIE E AUTO RISCHI DIVERSI amministrata con Libro Matricola - AUTO RISCHI DIVERSI per i danni ai veicoli utilizzati per missioni e adempimenti di servizio o di mandato e non appartenenti al Contraente,AMIA VERONA SPA,ITA,,,,3280000.0,EUR,2026-04-03,2026-04-30,scaduto,https://ted.europa.eu/it/notice/-/detail/234778-2026,https://ted.europa.eu/it/notice/234778-2026/pdf,,aziende,66510000
TED-234792-2026,TED,servizi_professionali,"Italia – Servizi architettonici, di costruzione, ingegneria e ispezione – Servizi attinenti l'architettura e l'ingegneria relativi ai lavori di ""Ampliamento della Biblioteca civica di San Giorgio delal Richinvelda (PN)"".",Servizi attinenti l’architettura e l’ingegneria relativi ai lavori di “Ampliamento della Biblioteca civica di San Giorgio della Richinvelda” (PN),"Regione Autonoma Friuli Venezia Giulia - Direzione centrale patrimonio, demanio, servizi generali e sistemi informativi - Servizio patrimonio",ITA,Friuli-Venezia Giulia,,,326344.1,EUR,2026-04-03,,attivo,https://ted.europa.eu/it/notice/-/detail/234792-2026,https://ted.europa.eu/it/notice/234792-2026/pdf,ingegneria,aziende,71000000
TED-234793-2026,TED,appalto_servizi,"Italia – Servizi cimiteriali – Procedura aperta per l&#8217;affidamento dei servizio cimiteriali, per conto del Comune di Monselice (PD) - CIG BA4A300FA2","Procedura aperta per l&#8217;affidamento dei servizio cimiteriali, per conto del Comune di Monselice (PD)",Federazione dei Comuni del Camposampierese,ITA,,,,1117740.0,EUR,2026-04-03,,aggiudicato,https://ted.europa.eu/it/notice/-/detail/234793-2026,https://ted.europa.eu/it/notice/234793-2026/pdf,,aziende,98371110
TED-234795-2026,TED,appalto_servizi,Italia – Servizi assicurativi – GARA EUROPEA A PROCEDURA APERTA PER L’AFFIDAMENTO DEL SERVIZIO DI COPERTURA ASSICURATIVA DELL’ENTE DI DECENTRAMENTO REGIONALE DI PORDENONE – PERIODO 01/01/2026 – 31/12/2028,RDO del LOTTO 1 ALL RISKS PROPERTY (Busta Tecnica e Busta Economica) RDO del LOTTO 2 RCT/O (Busta Tecnica e Busta Economica) RDO del LOTTO 3 POLIZZA RCA LIBRO MATRICOLA (Busta Tecnica e Busta Economica) RDO del LOTTO 4 RC PATRIMONIALE COLPA LIEVE (Busta Tecnica e Busta Economica),ENTE DI DECENTRAMENTO REGIONALE DI PORDENONE,ITA,,,,1281000.0,EUR,2026-04-03,,aggiudicato,https://ted.europa.eu/it/notice/-/detail/234795-2026,https://ted.europa.eu/it/notice/234795-2026/pdf,,aziende,66510000|66515100|66516100|66516400|66516500
TED-234806-2026,TED,lavori,"Italia – Lavori di costruzione di strutture ospedaliere – Procedura Aperta, con Inversione Procedimentale, suddivisa in 2 Lotti Funzionali, per affidamento lavori relativi intervento di ""Adeguamento alla normativa prevenzione incendi ed antisismica dei PP.OO. di San Donà di Piave e di Portogruaro"".",Presidio Ospedaliero di San Donà di Piave Presidio Ospedaliero di Portogruaro,AZIENDA ULSS N. 4 VENETO ORIENTALE,ITA,Veneto,,,22200754.91,EUR,2026-04-03,2026-04-29,scaduto,https://ted.europa.eu/it/notice/-/detail/234806-2026,https://ted.europa.eu/it/notice/234806-2026/pdf,costruzioni,aziende,45215140
TED-234860-2026,TED,appalto_servizi,Italia – Servizi di assicurazione contro danni o perdite – GARA EUROPEA A PROCEDURA TELEMATICA APERTA PER L’APPALTO DEI SERVIZI ASSICURATIVI DEL COMUNE DI ISTRANA (TV) DAL 30/06/2026 AL 30/06/2029,POLIZZA ALL RISKS PATRIMONIO POLIZZA R.C.T/O POLIZZA RC AUTOVEICOLI + CVT POLIZZA INFORTUNI CUMULATIVA POLIZZA TUTELA LEGALE,Provincia di Treviso,ITA,,,,179905.99,EUR,2026-04-03,,attivo,https://ted.europa.eu/it/notice/-/detail/234860-2026,https://ted.europa.eu/it/notice/234860-2026/pdf,,aziende,66512100|66513100|66515000|66516100|66516400
TED-234942-2026,TED,servizi_ambientali,"Italia – Servizi fognari, di raccolta dei rifiuti, di pulizia e ambientali – PORTO DI PALERMO - BONIFICA CASSONI ACCOSTO IMPIANTO DEGASSIFICA PORTO ACQUASANTA -CUP I77F23000050001","Procedura aperta, sopra soglia comunitaria, per appalto misto di servizi e lavori",Autorità di Sistema Portuale del Mare di Sicilia Occidentale,ITA,Sicilia,,,8470849.81,EUR,2026-04-03,2026-04-15,scaduto,https://ted.europa.eu/it/notice/-/detail/234942-2026,https://ted.europa.eu/it/notice/234942-2026/pdf,ambiente,aziende,90000000
TED-234945-2026,TED,dispositivi_medici,"Italia – Materiali medici – Procedura aperta, ex art. 71, D.Lgs. n. 36/2023 e ss.mm.ii., in modalità telematica Application Service Provider (ASP), per l’approvvigionamento della fornitura - in somministrazione per anni tre (prorogabile per anni uno) - di Materiale sanitario di anestesia per Terapie Intensive e Rianimazione di questo G.O.M..",Aghi - Lotto 1 Aghi - Lotto 2 Cateteri - Lotto 3 Aghi - Lotto 4 Aghi - Lotto 5 Aghi - Lotto 6 Materiali medici - Lotto 7 Materiali medici - Lotto 8 Siringhe - Lotto 9 Aghi - Lotto 10 Materiali medici - Lotto 11 Materiali medici - Lotto 12 Materiali medici - Lotto 13 Materiali medici - Lotto 14 Materiali medici - Lotto 15 Materiali medici - Lotto 16 Materiali medici - Lotto 17 Materiali medici - Lotto 18 Materiali medici - Lotto 19 Materiali medici - Lotto 20 Materiali medici - Lotto 21 Materiali medici - Lotto 22 Materiali medici - Lotto 23 Materiali medici - Lotto 24 Materiali medici - Lotto 25 Materiali medici - Lotto 26 Materiali medici - Lotto 27 Materiali medici - Lotto 28 Materiali medici - Lotto 29 Materiali medici - Lotto 30 Materiali medici - Lotto 31 Materiali medici - Lotto 32 Materiali medici - Lotto 33 Materiali medici - Lotto 34 Materiali medici - Lotto 35 Materiali medici - Lotto 36 Materiali medici - Lotto 37 Materiali medici - Lotto 38 Materiali medici - Lotto 39 Mater,Grande Ospedale Metropolitano Bianchi Melacrino Morelli,ITA,,,,180000.0,EUR,2026-04-03,2026-04-16,scaduto,https://ted.europa.eu/it/notice/-/detail/234945-2026,https://ted.europa.eu/it/notice/234945-2026/pdf,medicale,aziende,33140000|33141320
TED-234977-2026,TED,dispositivi_medici,Italia – Dispositivi e prodotti medici vari – AUSL - Prelievi,"Sistema completo di materiale monouso ed apparecchiature per prelievo, separazione, lavorazione di sangue intero ed emocomponenti Sistema diagnostico in sierologia per la qualificazione biologica del sangue e degli emocomponenti: test HBsAg, anticorpi Anti-HCV, test sierologico per la ricerca combinata di anticorpo Anti- HIV 1-2 e antigene HIV, Anticorpi Anti - Treponema Pallidum (TP) e anticorpi anti Tripanosoma Cruzi con metodo immunometrico Sistemi diagnostici in biologia molecolare (NAT) per la qualificazione biologica del sangue e degli emocomponenti: test HCV NAT, HBV NAT, HIV NAT",IN.VA. S.P.A.,ITA,,,,1218280.0,EUR,2026-04-03,2026-05-03,attivo,https://ted.europa.eu/it/notice/-/detail/234977-2026,https://ted.europa.eu/it/notice/234977-2026/pdf,medicale,aziende,33190000
TED-234979-2026,TED,appalto_servizi,"Italia – Servizi di riparazione e manutenzione – Procedura aperta, ai sensi dell'art. 71 del D.lgs. 36/2023, per l'affidamento del servizio di manutenzione apparati ITS di bordo ed a terra quali AVM/AVL, bigliettazione elettronica, informazione all'utenza, ETVM, cartelli indicatori, TVCC telecamere porte, per la durata di mesi 36.","Procedura aperta, ai sensi dell'art. 71 del D.lgs. 36/2023, per l'affidamento del servizio di manutenzione apparati ITS di bordo ed a terra quali AVM/AVL, bigliettazione elettronica, informazione all'utenza, ETVM, cartelli indicatori, TVCC telecamere porte, per la durata di mesi 36.",AZIENDA TRASPORTI MESSINA S.P.A.,ITA,,,,1101120.0,EUR,2026-04-03,,attivo,https://ted.europa.eu/it/notice/-/detail/234979-2026,https://ted.europa.eu/it/notice/234979-2026/pdf,,aziende,50000000
TED-235023-2026,TED,servizi_ambientali,Italia – Servizi di raccolta di rifiuti solidi urbani – SERVIZIO DI RACCOLTA DIFFERENZIATA DEI RIFIUTI SOLIDI URBANI NEL COMUNE DI PERDASDEFOGU,SERVIZIO DI RACCOLTA DIFFERENZIATA DEI RIFIUTI SOLIDI URBANI NEL COMUNE DI PERDASDEFOGU,"Unione dei Comuni Valle del Pardu e dei Tacchi Ogliastra Meridionale, Centrale di Commitenza per conto del Comune di Perdasdefogu",ITA,,,,384506.27,EUR,2026-04-03,,aggiudicato,https://ted.europa.eu/it/notice/-/detail/235023-2026,https://ted.europa.eu/it/notice/235023-2026/pdf,ambiente,aziende,90511000|90511100
TED-235203-2026,TED,servizi_it,Italia – Servizi di manutenzione di sistemi e di assistenza – PA 7/2026 - Affidamento dei servizi professionali di manutenzione correttiva ed evolutiva dei prodotti Salesforce,Affidamento dei servizi professionali di manutenzione correttiva ed evolutiva dei prodotti Salesforce,Cotral Spa – Compagnia dei Trasporti Laziali,ITA,,,,344400.0,EUR,2026-04-03,2026-05-04,attivo,https://ted.europa.eu/it/notice/-/detail/235203-2026,https://ted.europa.eu/it/notice/235203-2026/pdf,tecnologia,aziende|software_house,72250000
TED-235323-2026,TED,appalto_servizi,Italia – Servizi di portineria – Acquisizione del servizio di servizio di vigilanza non armata e portierato presso il Conservatorio Statale di Catania V Bellini mediante,Acquisizione del servizio di servizio di vigilanza non armata e portierato presso il Conservatorio Statale di Catania V Bellini mediante,CITTA' METROPOLITANA DI CATANIA,ITA,,,,625000.0,EUR,2026-04-03,,attivo,https://ted.europa.eu/it/notice/-/detail/235323-2026,https://ted.europa.eu/it/notice/235323-2026/pdf,,aziende,98341120
TED-235335-2026,TED,appalto_servizi,Italia – Compattatori per rifiuti – MIGLIORAMENTO E MECCANIZZAZIONE DELLA RETE DI RACCOLTA DIFFERENZIATA DEI RIFIUTI URBANI- FINANZIAMENTO UNIONE EUROPEA NEXT GENERETION EU,"MISSIONE 2 RIVOLUZIONE VERDE E TRANSIZIONE ECOLOGICA, COMPONENTE 1 ECONOMIA CIRCOLARE E AGRICOLTURA SOSTENIBILE, INVESTIMENTO 1.1 REALIZZAZIONE NUOVI IMPIANTI DI GESTIONE RIFIUTI E AMMODERNAMENTO DI IMPIANTI ESISTENTI, DEL PNRR (MISURA M2C1.1.I.1.1) LINEA D&#8217;INTERVENTO A MIGLIORAMENTO E MECCANIZZAZIONE DELLA RETE DI RACCOLTA DIFFERENZIATA DEI RIFIUTI URBANI - FINANZIAMENTO UNIONE EUROPEA NEXT GENERETION EU",Comune di Acquappesa,ITA,,,,668330.0,EUR,2026-04-03,,aggiudicato,https://ted.europa.eu/it/notice/-/detail/235335-2026,https://ted.europa.eu/it/notice/235335-2026/pdf,,aziende,39713300
TED-235417-2026,TED,appalto_servizi,"Italia – Prodotti alimentari e prodotti secchi vari – Procedura aperta, in ambito europeo, finalizzata alla conclusione di un contratto per l’affidamento dell’Appalto di fornitura del Vitto dei detenuti ed internati ristretti negli Istituti penitenziari per adulti della Toscana e Umbria, da svolgersi mediante l’approvvigionamento e consegna di derrate alimentari necessarie al confezionamento di pasti giornalieri completi (colazione, pranzo e cena), a","Lotto 1 comprendente gli Istituti Firenze Sollicciano, Firenze Gozzini Lotto 2 comprendente gli Istituti Prato e Pistoia Lotto 3 comprendente gli Istituti Pisa, Massa e Lucca Lotto 4 comprendente gli Istituti Porto azzurro, Livorno e Gorgona Lotto 5 comprendente gli Istituti Arezzo, Siena, San Gimignano, Grosseto, Massa Marittima e Volterra Lotto 6 comprendente gli Istituti Perugia e Spoleto Lotto 7 comprendente gli Istituti Terni e Orvieto",Provveditorato Regione Toscana e Umbria Amministrazione Penitenziaria,ITA,Toscana,,,6832716.31,EUR,2026-04-03,,aggiudicato,https://ted.europa.eu/it/notice/-/detail/235417-2026,https://ted.europa.eu/it/notice/235417-2026/pdf,,aziende,15890000
TED-235480-2026,TED,appalto_servizi,Italia – Servizi di salvataggio – Senza Titolo,"Servizio di sorveglianza, prevenzione e salvataggio di n. 3 tratti di spiagge libere nel Comune di Orosei Stagione estiva 2026, 2027 e 2028",COMUNE DI OROSEI,ITA,,,,711980.62,EUR,2026-04-03,2026-04-27,scaduto,https://ted.europa.eu/it/notice/-/detail/235480-2026,https://ted.europa.eu/it/notice/235480-2026/pdf,,aziende,75252000
TED-235585-2026,TED,appalto_servizi,Italia – Contatori di acqua – GARA EUROPEA A PROCEDURA APERTA PER LA FORNITURA DI MISURATORI STATICI ACQUA FREDDA LOTTO 1 E LOTTO 2 (GRANDI UTENZE),GARA EUROPEA A PROCEDURA APERTA PER LA FORNITURA DI MISURATORI STATICI ACQUA FREDDA LOTTO 1,Lario Reti Holding S.p.a.,ITA,,,,1050000.0,EUR,2026-04-03,,aggiudicato,https://ted.europa.eu/it/notice/-/detail/235585-2026,https://ted.europa.eu/it/notice/235585-2026/pdf,,aziende,38421100
TED-235616-2026,TED,appalto_servizi,"Italia – Veicoli a motore – ID 3938 - Procedura aperta ex art. 71 del D.Lgs. 36/2023, svolta in modalità telematica ex art. 25 D.Lgs. 36/2023, per l’affidamento, tramite accordo quadro con un unico operatore ai sensi dell’art. 59 comma 3 del D.lgs. 36/2023, del servizio di noleggio a lungo termine di autoveicoli senza conducente e servizi connessi",Servizio di noleggio a lungo termine di autoveicoli senza conducente e servizi connessi,GAIA S.p.A.,ITA,,,,14877500.0,EUR,2026-04-03,,attivo,https://ted.europa.eu/it/notice/-/detail/235616-2026,https://ted.europa.eu/it/notice/235616-2026/pdf,,aziende,34100000
TED-235654-2026,TED,lavori,Italia – Lavori di riparazione e ripristino – Misura PNRR M7 - I.17_Comune di Orta Nova,MISURA PNRR M.7 – I.17 REPOWER - REGOLAMENTO (UE) 2023/435 DEL 27 FEBBRAIO 2023 PER L'EFFICIENTAMENTO ENERGETICO DELL'EDILIZIA RESIDENZIALE PUBBLICA RELATIVA AL PATRIMONIO ERP DI ARCA CAPITANATA SITO NEL COMUNE DI ORTA NOVA,Arca Capitanata - Foggia,ITA,,,,18261976.57,EUR,2026-04-03,2026-04-14,scaduto,https://ted.europa.eu/it/notice/-/detail/235654-2026,https://ted.europa.eu/it/notice/235654-2026/pdf,costruzioni,aziende,45453000
TED-235660-2026,TED,appalto_servizi,"Italia – Servizi di piantagione e manutenzione di zone verdi – Procedura aperta per l&#8217;affidamento, del servizio di manutenzione e gestione dei Giardini Pubblici e delle aree limitrofe al Castello Marchionale, per conto del Comune di Este (PD) - CIG BA55E4E13E.","Procedura aperta per l&#8217;affidamento, del servizio di manutenzione e gestione dei Giardini Pubblici e delle aree limitrofe al Castello Marchionale, per conto del Comune di Este (PD)",Federazione dei Comuni del Camposampierese,ITA,,,,835017.69,EUR,2026-04-03,,aggiudicato,https://ted.europa.eu/it/notice/-/detail/235660-2026,https://ted.europa.eu/it/notice/235660-2026/pdf,,aziende,77310000
TED-235689-2026,TED,appalto_servizi,Italia – Servizi marini – AVVISO PUBBLICO PER L'INDIZIONE DI UNA PROCEDURA A EVIDENZA PUBBLICA PER L'AFFIDAMENTO IN CONCESSIONE DI N.1 AREA DEMANIALE MARITTIMA DESTINATA ALLA NAUTICA DA DIPORTO &#8211; PORTO DI SAPRI &#8211; LOTTO A,AVVISO PUBBLICO PER L'INDIZIONE DI UNA PROCEDURA A EVIDENZA PUBBLICA PER L'AFFIDAMENTO IN CONCESSIONE DI N.1 AREA DEMANIALE MARITTIMA DESTINATA ALLA NAUTICA DA DIPORTO &#8211; PORTO DI SAPRI &#8211; LOTTO A,Comune di Sapri,ITA,,,,4974.54,EUR,2026-04-03,,attivo,https://ted.europa.eu/it/notice/-/detail/235689-2026,https://ted.europa.eu/it/notice/235689-2026/pdf,,aziende,98360000
TED-235707-2026,TED,appalto_servizi,"Italia – Servizi cimiteriali – Procedura aperta telematica ai sensi dell'art. 71 del D. Lgs. 36/2023 per l'affidamento della gestione dei servizi cimiteriali per anni 3 (tre), nel Comune di Matino.","Procedura aperta per l'affidamento in concessione della gestione dei servizi cimiteriali per anni 3 (tre), nel Comune di Matino.",CUC Matino Parabita,ITA,,,,262110.0,EUR,2026-04-03,2026-04-17,scaduto,https://ted.europa.eu/it/notice/-/detail/235707-2026,https://ted.europa.eu/it/notice/235707-2026/pdf,,aziende,98371110
TED-230465-2026,TED,appalto_servizi,Italia – Servizi di piantagione e manutenzione di zone verdi – ACCORDO QUADRO SUDDIVISO IN TRE LOTTI PER LA MANUTENZIONE DEL VERDE PRESENTE SUL PATRIMONNIO STRADALE DI PROPRIETA’ E IN GESTIONE ALLA PROVINCIA DI LIVORNO COMPRESO IL TERRITORIO DELL’ISOLA D’ELBA PER TRE ANNI,LOTTO 1 - DISTRETTO ELBA LOTTO 2 - DISTRETTO NORD LOTTO 3 - DISTRETTO SUD,PROVINCIA DI LIVORNO - Servizio Sviluppo investimenti edilizia e viabilità - attuazione PNRR,ITA,,,,1329450.45,EUR,2026-04-02,,attivo,https://ted.europa.eu/it/notice/-/detail/230465-2026,https://ted.europa.eu/it/notice/230465-2026/pdf,,aziende,77310000
TED-230488-2026,TED,appalto_servizi,"Italia – Macchinari, attrezzature e forniture varie – Accordo quadro per la fornitura di consumabile per la strumentazione",Accordo quadro per la fornitura di consumabile per la strumentazione,Agenzia Regionale Protezione Ambientale del Piemonte,ITA,Piemonte,,,1100000.0,EUR,2026-04-02,2026-04-21,scaduto,https://ted.europa.eu/it/notice/-/detail/230488-2026,https://ted.europa.eu/it/notice/230488-2026/pdf,,aziende,30190000
TED-230495-2026,TED,servizi_it,"Italia – Servizi connessi al software – (07/2026) Procedura aperta, ai sensi dell'art. 71 del D.Lgs. n. 36/2023, con aggiudicazione secondo il criterio dell'offerta economicamente più vantaggiosa, ai sensi dell'art. 108, comma 2 del D.lgs. n. 36/2023, per la scelta del contraente cui affidare le attività di esecuzione dei seguenti servizi inerenti all'ERP aziendale SAP: manutenzione delle licenze, migrazione on-premise verso cloud e agg","(07/2026) Procedura aperta, ai sensi dell'art. 71 del D.Lgs. n. 36/2023, con aggiudicazione secondo il criterio dell'offerta economicamente più vantaggiosa, ai sensi dell'art. 108, comma 2 del D.lgs. n. 36/2023, per la scelta del contraente cui affidare le attività di esecuzione dei seguenti servizi inerenti all'ERP aziendale SAP: manutenzione delle licenze, migrazione on-premise verso cloud e aggiornamento versione, cloud service,supporto Basis e supporto applicativo AMS.",Gare Amiu Genova,ITA,,,,1260000.0,EUR,2026-04-02,,attivo,https://ted.europa.eu/it/notice/-/detail/230495-2026,https://ted.europa.eu/it/notice/230495-2026/pdf,tecnologia,aziende|software_house,72260000
TED-230524-2026,TED,appalto_servizi,Italia – Prodotti alimentari e prodotti secchi vari – Fornitura derrate alimentari A.P.S.P. Giacomo Cis di Ledro,LOTTO 4 - PRODOTTI ALIMENTARI SECCHI E IN SCATOLA,Provincia Autonoma di Trento,ITA,,,,220000.0,EUR,2026-04-02,,aggiudicato,https://ted.europa.eu/it/notice/-/detail/230524-2026,https://ted.europa.eu/it/notice/230524-2026/pdf,,aziende,15800000|15890000
TED-230560-2026,TED,appalto_servizi,"Italia – Servizi di organismi di riscossione – AFFIDAMENTO IN CONCESSIONE DEL SERVIZIO DI: GESTIONE DELL’ACCERTAMENTO E RISCOSSIONE ORDINARIA E COATTIVA DEL CANONE UNICO PATRIMONIALE DI CONCESSIONE PER L’OCCUPAZIONE DEL SUOLO PUBBLICO E DI ESPOSIZIONE PUBBLICITARIA, COMPRESO IL SERVIZIO DI PUBBLICHE AFFISSIONI E DEL CANONE PATRIMONIALE PER LE AREE MERCATALI A CARATTERE PERMANENTE.","AFFIDAMENTO IN CONCESSIONE DEL SERVIZIO DI: GESTIONE DELL’ACCERTAMENTO E RISCOSSIONE ORDINARIA E COATTIVA DEL CANONE UNICO PATRIMONIALE DI CONCESSIONE PER L’OCCUPAZIONE DEL SUOLO PUBBLICO E DI ESPOSIZIONE PUBBLICITARIA, COMPRESO IL SERVIZIO DI PUBBLICHE AFFISSIONI E DEL CANONE PATRIMONIALE PER LE AREE MERCATALI A CARATTERE PERMANENTE.",CENTRALE UNICA DI COMMITTENZA COMUNE DI VILLAFRANCA DI VERONA E COMUNE DI MOZZECANE,ITA,,,,890930.88,EUR,2026-04-02,,aggiudicato,https://ted.europa.eu/it/notice/-/detail/230560-2026,https://ted.europa.eu/it/notice/230560-2026/pdf,,aziende,79940000
TED-230570-2026,TED,appalto_servizi,Italia – Apparecchiature per microformati – Micropet HSM 2,Micropet HSM,AZIENDA LIGURE SANITARIA DELLA REGIONE LIGURIA,ITA,Liguria,,,476000.0,EUR,2026-04-02,,attivo,https://ted.europa.eu/it/notice/-/detail/230570-2026,https://ted.europa.eu/it/notice/230570-2026/pdf,,aziende,38654300
TED-230623-2026,TED,appalto_servizi,Italia – Servizi di gestione di parcheggi – SERVIZIO DI GESTIONE DELLE AREE DI SOSTA A PAGAMENTO SENZA CUSTODIA,"Affidamento del servizio di gestione della sosta a pagamento nella Citt&#224; di Amantea, senza obbligo di custodia",Comune di Amantea,ITA,,,,747091.55,EUR,2026-04-02,,aggiudicato,https://ted.europa.eu/it/notice/-/detail/230623-2026,https://ted.europa.eu/it/notice/230623-2026/pdf,,aziende,98351000
TED-230655-2026,TED,appalto_servizi,Italia – Carbone attivato – Fornitura di carbone attivo granulare vegetale riattivabile per l'impianto sito in Locana (TO) potabilizzatore acquedotto Valle Orco (prog. 16009) - Rif. APP_157/2025,Fornitura di carbone attivo granulare vegetale riattivabile per l'impianto sito in Locana (TO) potabilizzatore acquedotto Valle Orco (prog. 16009) - Rif. APP_157/2025,Società Metropolitana Acque Torino S.p.A.,ITA,,,,879120.0,EUR,2026-04-02,,aggiudicato,https://ted.europa.eu/it/notice/-/detail/230655-2026,https://ted.europa.eu/it/notice/230655-2026/pdf,,aziende,24954000
TED-230784-2026,TED,servizi_ambientali,"Italia – Servizi di trattamento e smaltimento di rifiuti urbani e domestici non pericolosi – (48/2026) Procedura aperta, ai sensi dell'art. 71 del D.Lgs. n. 36/2023, per la conclusione di un accordo quadro con un solo operatore economico, ai sensi dell'art. 59, comma 3,del D.Lgs. n. 36/2023 e s.m.i., con aggiudicazione con il criterio del minor prezzo, ai sensi dell'art. 108, comma 3 del D.Lgs. n. 36/2023, cui affidare il servizio di avvio al recupero, comprensivo di trasporto, presso imp",LOTTO 1 - Corso Perrone LOTTO 2 - Volpara LOTTO 3 - Genovesato LOTTO 4 - Golfo Paradiso,Gare Amiu Genova,ITA,,,,2916150.0,EUR,2026-04-02,,attivo,https://ted.europa.eu/it/notice/-/detail/230784-2026,https://ted.europa.eu/it/notice/230784-2026/pdf,ambiente,aziende,90513000
TED-230933-2026,TED,servizi_ambientali,Italia – Servizi di riciclo dei rifiuti – PROCEDURA APERTA PER L’APPALTO DEL SERVIZIO DI TRATTAMENTO DI RIFIUTI BIODEGRADABILI DI CUCINE E MENSE - CER 20.01.08,"Servizio di trattamento di rifiuti biodegradabili di cucine e mense - CER 20.01.08, raccolti nel territorio della Società Canavesana Servizi S.p.A.",SOCIETÀ CANAVESANA SERVIZI,ITA,,,,3276000.0,EUR,2026-04-02,2026-04-27,scaduto,https://ted.europa.eu/it/notice/-/detail/230933-2026,https://ted.europa.eu/it/notice/230933-2026/pdf,ambiente,aziende,90514000
TED-230956-2026,TED,appalto_servizi,Italia – Servizi di portineria – portierato,"SERVIZIO BIENNALE, CON OPZIONE DI RINNOVO PER ULTERIORE ANNUALITÀ, DI RECEPTION E PORTIERATO",A.O. SAN GIOVANNI DI DIO,ITA,,,,746304.0,EUR,2026-04-02,,aggiudicato,https://ted.europa.eu/it/notice/-/detail/230956-2026,https://ted.europa.eu/it/notice/230956-2026/pdf,,aziende,98341120
TED-230985-2026,TED,servizi_ambientali,"Italia – Servizi di riparazione e manutenzione – Direzione regionale Musei nazionali Lazio, “Servizi di manutenzione programmata della Certosa di Trisulti presso Collepardo (FR)”, da aggiudicare per la durata di 36 (trentasei) mesi, mediante gara europea a procedura aperta ex art. 71 D.Lgs. 36/2023 e s.m.i.","Gara europea a procedura aperta ex art. 71 D.Lgs. 36/2023 e s.m.i. esperita su piattaforma di approvvigionamento digitale certificata, come disposto dall’art. 1 del comma 450 della Legge 296/2006 e dagli artt. 19 e segg. del Codice dei contratti pubblici. Finanziamento proveniente dalla programmazione approvata ai sensi della Legge 190/2014 (legge di stabilità 2015) approvata con D.M. 31 gennaio 2025 n. 37 per il triennio 2025-2027 disponibile su capitolo di bilancio 2.1.2.020 all’art. 2.02.03.06.001/F – A.F. 2026 e segg. CUP F32F24000840001","Italia, Ministero della Cultura, Direzione regionale Musei nazionali Lazio",ITA,Lazio,,,685000.0,EUR,2026-04-02,2026-04-22,scaduto,https://ted.europa.eu/it/notice/-/detail/230985-2026,https://ted.europa.eu/it/notice/230985-2026/pdf,ambiente|ingegneria,aziende,50000000|71000000|77000000|90000000
TED-230993-2026,TED,appalto_servizi,Italia – Caricatori articolati – GARA 08/BS 2026 FORNITURA DI VEICOLI ATTREZZATI PER LA RACCOLTA RIFIUTI,"N.7 (sette) autocarri a due assi (M.T.T. 35 q.) con vasca aperta 2,6 4 m3 e alza volta bodoni fino a 360 l N.2 (due) autocarri a due assi (M.T.T. 35 q.), passo 3.000 mm con vasca pala-carrello 4 5 m3, alza volta bodoni fino a 360 l e aggancio DIN per cassonetti 1.100 l N.3 (tre) autocarri a due assi (M.T.T. 35 q.), passo 3.250 mm con vasca pala-carrello 4,5 m3, alza volta bodoni fino a 360 l e aggancio DIN per cassonetti 1.100 l N.3 (tre) autocarri a due assi (35 q. < M.T.T. 60 q.) con costipatore rifiuti e vasca 5 m3 e sistema AVC N.9 (nove) autocarri a due assi (65 q. < M.T.T. 75 q.) con costipatore rifiuti e vasca 6,5 m3 e sistema AVC N.4 (quattro) autocarri a due assi con compattatore rifiuti con cassone monoscocca da 9 m3 e sistema AVC N.5 (cinque) autocarri a due assi con compattatore rifiuti con cassone monoscocca da 10 a 12 m3 e sistema AVC N.2 (due) autocarri a due assi con compattatore rifiuti con cassone monoscocca da 12 a 13 m3 e sistema AVC N.3 (tre) autocarri a due assi c",Valle Umbra Servizi,ITA,,,,775000.0,EUR,2026-04-02,,attivo,https://ted.europa.eu/it/notice/-/detail/230993-2026,https://ted.europa.eu/it/notice/230993-2026/pdf,,aziende,34142200
TED-231002-2026,TED,formazione,Italia – Servizi di istruzione prescolastica – SERVIZIO DI GESTIONE DEI NIDI D&#8217;INFANZIA COMUNALI &#8220;S. AGOSTINO&#8221; E &#8220;C.DA BICOCCA&#8221; ANNI EDUCATIVI 2025/2026,SERVIZIO DI GESTIONE DEI NIDI D&#8217;INFANZIA COMUNALI &#8220;S. AGOSTINO&#8221; E &#8220;C.DA BICOCCA&#8221; ANNI EDUCATIVI 2025/2026,MELFI,ITA,,,,934848.52,EUR,2026-04-02,,aggiudicato,https://ted.europa.eu/it/notice/-/detail/231002-2026,https://ted.europa.eu/it/notice/231002-2026/pdf,ambiente|formazione,aziende|enti_formazione,80110000|90910000
TED-231088-2026,TED,appalto_servizi,"Italia – Servizi di fornitura di personale, compreso personale temporaneo – PROCEDURA APERTA PER AFFIDAMENTO, A MEZZO DI ACCORDO QUADRO, DEL SERVIZIO DI SOMMINISTRAZIONE DI LAVORO A TEMPO DETERMINATO, DI DURATA BIENNALE, PER OPERAI IDRAULICO-FORESTALI SPECIALIZZATI DA IMPIEGARE NEL SERVIZIO ANTINCENDIO BOSCHIVO (AIB) E NEI CANTIERI FORESTALI DELLA COMUNIT&#192; MONTANA VALLO DI DIANO - CIG: BB0A908204","Il servizio di somministrazione di lavoro temporaneo verr&#224; impiegato per il reperimento di personale ascrivibile al profilo &#8220;operatore idraulico-forestale professionale specializzato, Livello 4/Operai specializzati/parametro 116 e Livello 3/Operai qualificati super/Parametro 111""",Comunita&#8217; Montana Vallo di Diano,ITA,,,,1561600.0,EUR,2026-04-02,,attivo,https://ted.europa.eu/it/notice/-/detail/231088-2026,https://ted.europa.eu/it/notice/231088-2026/pdf,,aziende,79620000
TED-231091-2026,TED,lavori,Italia – Lavori di lastricatura e asfaltatura – PROCEDURA APERTA PER L’APPALTO DEI LAVORI DI RIPRISTINO DI TRATTI STRADALI DI VIA MENTANA. CUP C67H22002500004.,LAVORI DI RIPRISTINO DI TRATTI STRADALI DI VIA MENTANA,"COMUNE DI SIENA - DIREZIONE AFFARI GENERALI E AMMINISTRATIVI- Servizio Stazione Unica Appaltante, Gare e Contratti",ITA,,,,391251.05,EUR,2026-04-02,,attivo,https://ted.europa.eu/it/notice/-/detail/231091-2026,https://ted.europa.eu/it/notice/231091-2026/pdf,costruzioni,aziende,45233222
TED-231125-2026,TED,lavori,Italia – Lavori di costruzione – Casa della Comunità di Bologna Savena S.Stefano - Nuova Costruzione - Pubblicazione variante suppletiva di progetto n. 3,Casa della Comunità di Bologna Savena - Variante suppletiva di progetto n. 3 ex art. 106 co. 1 lett. c) ed e),Azienda USL di Bologna,ITA,,,,,EUR,2026-04-02,,aggiudicato,https://ted.europa.eu/it/notice/-/detail/231125-2026,https://ted.europa.eu/it/notice/231125-2026/pdf,costruzioni,aziende,45000000
TED-231192-2026,TED,appalto_servizi,"Italia – Apparecchiature informatiche e forniture – Affidamento di forniture e servizi connessi per la realizzazione di laboratori didattici innovativi finanziati nell'ambito del Piano Nazionale di Ripresa e Resilienza (PNRR) Missione 4, Componente 1, Investimento 3.2 Scuola 4.0, per l'IIS ""L. Palma"" ITI ITG ""Green Falcone Borsellino"" CUP: I34D24003390006",Laboratorio AI & Infrastrutture Cloud-Native Laboratorio Elettronica e Robotica Laboratorio Elettrotecnica Acri Laboratorio Chimica Cosenza Aula Immersiva Mobile Horizon 360 Laboratorio Immersivo di Realtà Virtuale e Aumentata Smart Experience for Business AI Lab/Turismo Digitale,Centrale Unica di Committenza - Comuni Associati di Acri e Bisignano,ITA,,,,180327.87,EUR,2026-04-02,,attivo,https://ted.europa.eu/it/notice/-/detail/231192-2026,https://ted.europa.eu/it/notice/231192-2026/pdf,,aziende,30200000|30236000|32322000|38000000|39162100
TED-231304-2026,TED,servizi_ambientali,Italia – Servizi di pulizia – SERVIZI DI PULIZIA DELLE SEDI DI UNIONCAMERE,SERVIZI DI PULIZIA DELLE SEDI DI UNIONCAMERE IN ROMA,UNIONCAMERE,ITA,,,,970203.56,EUR,2026-04-02,,attivo,https://ted.europa.eu/it/notice/-/detail/231304-2026,https://ted.europa.eu/it/notice/231304-2026/pdf,ambiente,aziende,90910000
TED-231308-2026,TED,servizi_sanitari,Italia – Vari servizi sanitari – Servizio di presidio sanitario aeroportuale e delle attività di soccorso sanitario in caso di emergenza presso l'Aeroporto internazionale di Catania Fontanarossa.,Servizio di presidio sanitario aeroportuale e delle attività di soccorso sanitario in caso di emergenza presso l'Aeroporto internazionale di Catania Fontanarossa.,S.A.C. Società Aeroporto Catania S.p.A.,ITA,,,,3465000.0,EUR,2026-04-02,,attivo,https://ted.europa.eu/it/notice/-/detail/231308-2026,https://ted.europa.eu/it/notice/231308-2026/pdf,sanità,aziende|enti_sanitari,85140000
TED-231398-2026,TED,appalto_servizi,"Italia – Servizi di vigilanza di edifici – Affidamento servizi integrati di sorveglianza armata e vigilanza non armata, teleradioallarme, videosorveglianza degli immobili del Comune di Altamura","Affidamento servizi integrati di sorveglianza armata e vigilanza non armata, teleradioallarme, videosorveglianza degli immobili del Comune di Altamura",Comune di Altamura,ITA,,,,1910110.29,EUR,2026-04-02,,aggiudicato,https://ted.europa.eu/it/notice/-/detail/231398-2026,https://ted.europa.eu/it/notice/231398-2026/pdf,,aziende,98341140
TED-231409-2026,TED,appalto_servizi,Italia – Servizi di riparazione e manutenzione di generatori – Manutenzione/riparazione gruppi elettrogeni (MEEL07),Scopo del sistema di qualificazione è di costituire un elenco di Imprese qualificate nel Gruppo Merceologico Manutenzione/riparazione gruppi elettrogeni. Ulteriori dettagli sono descritti nel documento Requisiti di Base per la qualificazione delle Imprese nel Gruppo Merceologico Manutenzione/riparazione gruppi elettrogeni (codice gruppo merce MEEL07) consultabile sul portale Global Procurement di Enel.,Enel SpA,ITA,,,,,EUR,2026-04-02,,attivo,https://ted.europa.eu/it/notice/-/detail/231409-2026,https://ted.europa.eu/it/notice/231409-2026/pdf,,aziende,50532300
TED-231446-2026,TED,appalto_servizi,Italia – Servizi di riparazione e manutenzione di gruppi di raffreddamento – SQ. 29 - SISTEMA DI QUALIFICAZIONE PER OPERATORI ECONOMICI CHE PRESTANO SERVIZI DI MANUTENZIONE ORDINARIA AGLI IMPIANTI DI CLIMATIZZAZIONE DELLE INFRASTRUTTURE DELLA METROPOLITANA DI BRESCIA,"ai sensi dell’art. 168 del Decreto Legislativo 31 marzo 2023, n. 36 è istituito un sistema di qualificazione per operatori economici in grado di eseguire il servizio di manutenzione ordinaria agli impianti di climatizzazione delle infrastrutture della metropolitana di Brescia",METRO BRESCIA SOCIETÀ A RESPONSABILITÀ LIMITATA,ITA,,,,,EUR,2026-04-02,,attivo,https://ted.europa.eu/it/notice/-/detail/231446-2026,https://ted.europa.eu/it/notice/231446-2026/pdf,,aziende,50730000
TED-231453-2026,TED,appalto_servizi,"Italia – Parti di ricambio di locomotive o materiale rotabile ferroviari o ferrotranviari; apparecchiature di controllo-comando ferroviario – eGPA 10745 per l'affidamento della fornitura di ricambi per impianti antincendio, suddivisa in 4 lotti","eGPA 10745 - Lotto 1: Valvole, adattatori e dispositivi di sicurezza per l’impianto antincendio eGPA 10745 - Lotto 2: Bombole e moduli bombole per impianto antincendio eGPA 10745 - Lotto 3: Ricambi vari di tipo commerciale per impianti antincendio eGPA 10745 - Lotto 4: Kit dedicati e ricambi per impianti antincendio",Trenitalia S.p.A. Direzione Logistica Industriale Acquisti Tecnici,ITA,,,,1360800.0,EUR,2026-04-02,,attivo,https://ted.europa.eu/it/notice/-/detail/231453-2026,https://ted.europa.eu/it/notice/231453-2026/pdf,,aziende,34630000
TED-231516-2026,TED,servizi_sanitari,Italia – Servizi sociali – Affidamento del “Servizio Asilo nido e spazio giochi - anno Scolastico 2025/2026_2026/2027” - Comune di Avola (SR).,Affidamento del “Servizio Asilo nido e spazio giochi - anno Scolastico 2025/2026_2026/2027” - Comune di Avola (SR).,Comune di Avola,ITA,,,,1230624.91,EUR,2026-04-02,,aggiudicato,https://ted.europa.eu/it/notice/-/detail/231516-2026,https://ted.europa.eu/it/notice/231516-2026/pdf,sanità,aziende|enti_sanitari,85320000
TED-231527-2026,TED,appalto_servizi,Italia – Servizi di stampa e affini – AOV SUA L 11_2025 – ALTO ADIGE RISCOSSIONI_SERVIZI DI STAMPA E AFFINI,"Procedura di gara sovra soglia europea per l’affidamento dei servizi di acquisizione, elaborazione, stampa ed imbustamento, consegna al service per la postalizzazione, rendicontazione degli esiti di notifica ed ottica relativi ai documenti della Società e invio digitale degli atti tramite PEC",Agenzia per i contratti pubblici – ACP - Stazione unica appaltante Lavori,ITA,Trentino-Alto Adige,,,791293.1,EUR,2026-04-02,,aggiudicato,https://ted.europa.eu/it/notice/-/detail/231527-2026,https://ted.europa.eu/it/notice/231527-2026/pdf,,aziende,79800000
TED-231531-2026,TED,servizi_sanitari,"Italia – Servizi sociali – GARA EUROPEA A PROCEDURA APERTA TELEMATICA PER L'AFFIDAMENTO DELLA GESTIONE DEI SERVIZI DI ASSISTENZA DOMICILIARE, SPORTELLO DI CITTADINANZA E SERVIZIO SOCIALE PROFESSIONALE DA RENDERSI PER LA GESTIONE ASSOCIATA DEI SERVIZI SOCIALI ALASSIO-GARLENDA","GARA EUROPEA A PROCEDURA APERTA TELEMATICA PER L'AFFIDAMENTO DELLA GESTIONE DEI SERVIZI DI ASSISTENZA DOMICILIARE, SPORTELLO DI CITTADINANZA E SERVIZIO SOCIALE PROFESSIONALE DA RENDERSI PER LA GESTIONE ASSOCIATA DEI SERVIZI SOCIALI ALASSIO-GARLENDA",Comune di Alassio,ITA,,,,1048925.59,EUR,2026-04-02,,aggiudicato,https://ted.europa.eu/it/notice/-/detail/231531-2026,https://ted.europa.eu/it/notice/231531-2026/pdf,sanità,aziende|enti_sanitari,85320000
TED-231533-2026,TED,appalto_servizi,Italia – Prodotti alimentari e prodotti secchi vari – Fornitura derrate alimentari A.P.S.P. Giacomo Cis di Ledro,"LOTTO 3 - SALUMI, CARNI FRESCHE E REFRIGERATE, UOVA",Provincia Autonoma di Trento,ITA,,,,167200.0,EUR,2026-04-02,,aggiudicato,https://ted.europa.eu/it/notice/-/detail/231533-2026,https://ted.europa.eu/it/notice/231533-2026/pdf,,aziende,15100000|15890000
TED-231574-2026,TED,appalto_servizi,Italia – Spettrometri di massa – Spettrometri di massa,"Acquisto di strumentazione analitica (spettrometri di massa e sistemi di cromatografia liquida), generatore di azoto e pc con software, database librerie dedicate",ESTAR - Ente di Supporto Tecnico Amministrativo Regionale,ITA,,,,885245.92,EUR,2026-04-02,,aggiudicato,https://ted.europa.eu/it/notice/-/detail/231574-2026,https://ted.europa.eu/it/notice/231574-2026/pdf,,aziende,38433100
TED-231664-2026,TED,ricerca_sviluppo,Italia – Servizi di ricerca e sviluppo nonché servizi di consulenza affini – Evaluation of microbiome-relevant human biomarkers and in vitro models for xenobiotic risk assessment,This open call aims to support the future integration of gut microbiome data into food safety risk assessment of dietary xenobiotics. The project will systematically appraise existing evidence and identify microbiome-relevant biomarkers and respective in vitro models and assess the feasibility of future experimental validation. The outcome will support future regulatory decisions and progress towards microbiome-informed risk assessments.,European Food Safety Authority,ITA,,,,300000.0,EUR,2026-04-02,2026-06-03,attivo,https://ted.europa.eu/it/notice/-/detail/231664-2026,https://ted.europa.eu/it/notice/231664-2026/pdf,ricerca,aziende|centri_ricerca|universita,73000000
TED-231690-2026,TED,appalto_servizi,"Italia – Servizi speciali di trasporto passeggeri su strada – COMUNE DI FELINO: PROCEDURA APERTA PER L’AFFIDAMENTO DEL SERVIZIO DI TRASPORTO SCOLASTICO PER GLI ANNI SCOLASTICI 2025/2026 (PERIODO 8 APRILE- 31 LUGLIO 2026), 2026/2027, 2027/2028, 2028/2029 CON POSS",traporto scolastico,UNIONE PEDEMONTANA PARMENSE,ITA,,,,1917032.1,EUR,2026-04-02,,aggiudicato,https://ted.europa.eu/it/notice/-/detail/231690-2026,https://ted.europa.eu/it/notice/231690-2026/pdf,,aziende,60130000
TED-231699-2026,TED,appalto_servizi,Italia – Servizi assicurativi – Procedura aperta per l'affidamento del servizio di copertura assicurativa dei rischi di responsabilità civile verso terzi e verso prestatori d'opera,Procedura aperta ex art. 71 del D. Lgs 36/2023 finalizzata all'affidamento del servizio di copertura assicurativa dei rischi di responsabilità civile verso terzi e verso prestatori d'opera del Comune di Crema,Comune di Crema,ITA,,,,720000.0,EUR,2026-04-02,,aggiudicato,https://ted.europa.eu/it/notice/-/detail/231699-2026,https://ted.europa.eu/it/notice/231699-2026/pdf,,aziende,66510000
TED-231704-2026,TED,dispositivi_medici,Italia – Soluzioni infusionali – ARIA_2024_032_ - Procedura aperta multilotto ai sensi dell’art. 71 del D.Lgs. n. 36/2023 per la fornitura di soluzioni infusionali e servizi connessi,"Acqua per preparazione iniettabile SOLVENTE USO PARENTERALE 1.000 ml Plastica FL Acqua per preparazione iniettabile SOLVENTE USO PARENTERALE 1.000 ml Vetro FL Acqua per preparazione iniettabile SOLVENTE USO PARENTERALE 1.000 ml Sacca in plastica per infusione Sacca Acqua per preparazione iniettabile SOLVENTE USO PARENTERALE 1.000 ml Specifica sacca con accesso a due vie a sistema chiuso su supporto rigido, trilaminare, involucro sterile per sale operatoria, che assicura la somministrazione dei farmaci oncologici lasciando un volume residuo minimo senza PVC Sacca Acqua per preparazione iniettabile SOLVENTE USO PARENTERALE 100 ml Plastica FL Acqua per preparazione iniettabile SOLVENTE USO PARENTERALE 100 ml Vetro FL Acqua per preparazione iniettabile SOLVENTE USO PARENTERALE 10 ml Plastica F Acqua per preparazione iniettabile SOLVENTE USO PARENTERALE 2.000 ml Sacca in plastica per infusione Sacca Acqua per preparazione iniettabile SOLVENTE USO PARENTERALE 20 ml Vetro F Acqua per preparaz",Azienda Regionale Centrale Acquisti,ITA,,,,12500818.2,EUR,2026-04-02,,aggiudicato,https://ted.europa.eu/it/notice/-/detail/231704-2026,https://ted.europa.eu/it/notice/231704-2026/pdf,medicale,aziende,33692100
TED-231729-2026,TED,servizi_sanitari,Italia – Servizi ospedalieri e affini – PPP_reingegnerizzazione dei processi e dell’erogazione di servizi per la gestione e tracciabilità dei dispositivi medici monouso e impiantabile da realizzarsi presso l’AOU BO e AUL BO,reingegnerizzazione dei processi e l’erogazione di servizi per la gestione e tracciabilità dei dispositivi medici monouso e impiantabile da realizzarsi presso AOU BO e AUSL BO,AZIENDA USL DI BOLOGNA,ITA,,,,47831136.0,EUR,2026-04-02,,aggiudicato,https://ted.europa.eu/it/notice/-/detail/231729-2026,https://ted.europa.eu/it/notice/231729-2026/pdf,sanità,aziende|enti_sanitari,85110000
TED-231815-2026,TED,servizi_sanitari,Italia – Servizi di assistenza sociale – Servizio di gestione e attuazione del progetto SAI per minori stranieri non accompagnati n. 1905 PR03.,Servizio di gestione e attuazione del progetto SAI per minori stranieri non accompagnati n. 1905 PR03,Comune di Ragusa,ITA,,,,858574.38,EUR,2026-04-02,,aggiudicato,https://ted.europa.eu/it/notice/-/detail/231815-2026,https://ted.europa.eu/it/notice/231815-2026/pdf,sanità,aziende|enti_sanitari,85310000
TED-231817-2026,TED,servizi_sanitari,"Italia – Servizi forniti da centri diurni per bambini – S.U.A. per il Comune di Loro Piceno. Procedura aperta accelerata di rilevanza comunitaria per l'affidamento del servizio di gestione dell'asilo nido comunale ""G. Mori"".","S.U.A. per il Comune di Loro Piceno. Procedura aperta accelerata di rilevanza comunitaria per l'affidamento del servizio di gestione dell'asilo nido comunale ""G. Mori"".",Provincia di Macerata,ITA,,,,1014980.24,EUR,2026-04-02,,aggiudicato,https://ted.europa.eu/it/notice/-/detail/231817-2026,https://ted.europa.eu/it/notice/231817-2026/pdf,sanità,aziende|enti_sanitari,85312110
TED-231837-2026,TED,appalto_servizi,"Italia – Apparecchi di prova e controllo – Avviso esplorativo per verifica unicità del fornitore per una procedura negoziata senza pubblicazione di un bando ex art. 76, c. 2, l. b), p. 2, del D. lgs. 36/2023 per la fornitura di una apparecchiatura scientifica per la deposizione (sputtering) di film sottili metallici e isolanti comprensivo di installazione e resa operativa per il Dipartimento di Fisica","Descrizione: L'Università di Pisa ha la necessità di acquistare la fornitura di una apparecchiatura scientifica per la deposizione (sputtering) di film sottili metallici e isolanti comprensivo di installazione e resa operativa per il Dipartimento di Fisica CUI F80003670504202500009, CPV 385000000 e CUP I53C24003160001;",Università di Pisa,ITA,,,,418000.0,EUR,2026-04-02,,attivo,https://ted.europa.eu/it/notice/-/detail/231837-2026,https://ted.europa.eu/it/notice/231837-2026/pdf,,aziende,38500000
TED-231854-2026,TED,dispositivi_medici,Italia – Laser medico per usi diversi dalla chirurgia – FORNITURA DI 4 SISTEMI LASER CHIRURGICI PER APPLICAZIONI IN CAMPO PROCTOLOGICO,LASER CHIRURGICI PER APPLICAZIONI IN CAMPO PROCTOLOGICO,AZIENDA USL DELLA ROMAGNA,ITA,,,,1105850.01,EUR,2026-04-02,2026-04-30,scaduto,https://ted.europa.eu/it/notice/-/detail/231854-2026,https://ted.europa.eu/it/notice/231854-2026/pdf,medicale,aziende,33128000
TED-231903-2026,TED,servizi_ambientali,"Italia – Servizi di pulizia – Servizio pulizie in conformità ai CAM presso APSP ""Giacomo Cis"" di Ledro (TN)","Servizio pulizia in conformità ai CAM della APSP ""Giacomo Cis"" di Ledro (TN)",Provincia Autonoma di Trento,ITA,,,,967755.74,EUR,2026-04-02,,aggiudicato,https://ted.europa.eu/it/notice/-/detail/231903-2026,https://ted.europa.eu/it/notice/231903-2026/pdf,ambiente,aziende,90910000
TED-232000-2026,TED,appalto_servizi,"Italia – Servizi di movimentazione, magazzinaggio e servizi affini – Servizio di esternalizzazione di diverse attività logistiche per l’Azienda Sanitaria dell’Alto Adige per il periodo di 3 anni",Gestione delle operazioni di un magazzino da svolgersi presso un magazzino esternalizzato e attività di distribuzione verso centri dell'Azienda sanitaria,Azienda Sanitaria dell’Alto Adige - Ripartizione acquisti,ITA,Trentino-Alto Adige,,,2411078.0,EUR,2026-04-02,,attivo,https://ted.europa.eu/it/notice/-/detail/232000-2026,https://ted.europa.eu/it/notice/232000-2026/pdf,,aziende,63100000
TED-232066-2026,TED,appalto_servizi,Italia – Quadri a media tensione – Quadri MT per cabine primarie (FEQE24),Scopo del sistema di qualificazione è di costituire un elenco di Imprese qualificate nel Gruppo Merceologico Quadri MT per cabine primarie. Ulteriori dettagli sono descritti nel documento Requisiti di Base per la qualificazione delle Imprese nel Gruppo Merceologico Quadri MT per cabine primarie (codice gruppo merce FEQE24) consultabile sul portale Global Procurement di Enel.,Enel SpA,ITA,,,,,EUR,2026-04-02,,attivo,https://ted.europa.eu/it/notice/-/detail/232066-2026,https://ted.europa.eu/it/notice/232066-2026/pdf,,aziende,31214520
TED-232097-2026,TED,appalto_servizi,Italia – Trasformatori di distribuzione – PROCEDURA APERTA SOPRA LA SOGLIA EUROPEA PER LA FORNITURA CON POSA DI FORNITURA CON POSA DI TRASFORMATORI AT/MT – 2 LOTTI,10041061 Fornitura con posa trasformatori destinati alla SE P.te Resia - lotto 1 10041061 Fornitura con posa trasformatori destinati alla SE P.te Resia - lotto 2,EDYNA SRL,ITA,,,,3000000.0,EUR,2026-04-02,2026-04-14,scaduto,https://ted.europa.eu/it/notice/-/detail/232097-2026,https://ted.europa.eu/it/notice/232097-2026/pdf,,aziende,31213200
TED-232135-2026,TED,servizi_ambientali,Italia – Servizi di trasporto di rifiuti – Servizio di raccolta e trasporto indumenti inclusa la manutenzione ordinaria dei contenitori,Servizio di raccolta e trasporto indumenti inclusa la manutenzione ordinaria dei contenitori,Contarina S.p.A.,ITA,,,,985080.0,EUR,2026-04-02,,aggiudicato,https://ted.europa.eu/it/notice/-/detail/232135-2026,https://ted.europa.eu/it/notice/232135-2026/pdf,ambiente,aziende,90512000
TED-232170-2026,TED,servizi_sanitari,Italia – Servizi di assistenza sociale per disabili – SVOLGIMENTO PROCEDURA DI GARA EUROPEA APERTA PER LA CONCLUSIONE DI UN ACCORDO QUADRO CON UNICO OPERATORE ECONOMICO PER LA GESTIONE DEL SERVIZIO TRASPORTO RIVOLTO A PERSONE CON RIDOTTA O IMPEDITA CAPACITA MOTORIA,SVOLGIMENTO PROCEDURA DI GARA EUROPEA APERTA PER LA CONCLUSIONE DI UN ACCORDO QUADRO CON UNICO OPERATORE ECONOMICO PER LA GESTIONE DEL SERVIZIO TRASPORTO RIVOLTO A PERSONE CON RIDOTTA O IMPEDITA CAPACITA MOTORIA,Servizio Politiche Socio-Assistenziali e Coordinamento ATS11,ITA,,,,1317301.44,EUR,2026-04-02,,aggiudicato,https://ted.europa.eu/it/notice/-/detail/232170-2026,https://ted.europa.eu/it/notice/232170-2026/pdf,sanità,aziende|enti_sanitari,85311200
TED-232173-2026,TED,servizi_it,"Italia – Servizi di gestione documenti – AFFIDAMENTO DEL SERVIZIO DI GESTIONE DELLE FASI DI DATA ENTRY, STAMPA, NOTIFICAZIONE E RENDICONTAZIONE DEI VERBALI DI ACCERTAMENTO PER ILLECITI AMMINISTRATIVI DI COMPETENZA DEL COMANDO P.L. DI GROSSETO","GARA EUROPEA A PROCEDURA APERTA AI SENSI DELL’ART. 71 D. LGS. N. 36/2023 PER L’AFFIDAMENTO DEL SERVIZIO DI GESTIONE DELLE FASI DI DATA ENTRY, STAMPA, NOTIFICAZIONE E RENDICONTAZIONE DEI VERBALI DI ACCERTAMENTO PER ILLECITI AMMINISTRATIVI DI COMPETENZA DEL COMANDO P.L. DI GROSSETO","COMUNE DI GROSSETO - Settore Polizia Municipale e Sicurezza - Servizio Comando – Servizio Polizia stradale, sicurezza e mobilità – Servizio Protezione Civile – Servizio Mobilità, traffico e TPL – Servizio Ciclo dei rifiuti",ITA,,,,2053270.0,EUR,2026-04-02,,aggiudicato,https://ted.europa.eu/it/notice/-/detail/232173-2026,https://ted.europa.eu/it/notice/232173-2026/pdf,tecnologia,aziende|software_house,72512000
TED-232195-2026,TED,appalto_servizi,"Italia – Servizi di assicurazione di proprietà – CG-2026-01 Affidamento di servizi triennali di copertura assicurativa "" All Risks e RCT fabbricati"" e “RCT/O” dell'Azienda per il periodo 30.6.2026-30.6.2029",CG-2026-01b Lotto 1 Polizza All Risks + RCT fabbricati dell'Ater di Pordenone CG-2026-01c Lotto 2 Polizza RCT/O patrimonio dell'Ater di Pordenone,Azienda Territoriale per l'Edilizia Residenziale di Pordenone,ITA,,,,3201000.0,EUR,2026-04-02,,attivo,https://ted.europa.eu/it/notice/-/detail/232195-2026,https://ted.europa.eu/it/notice/232195-2026/pdf,,aziende,66515200|66516000
TED-232219-2026,TED,appalto_servizi,Italia – Servizi di riparazione e manutenzione di mobili – Manutenzione Arredi 2026-7-8,MANUTENZIONE AGLI ARREDI SANITARI E NON,AZIENDA USL DELLA ROMAGNA,ITA,,,,1734000.0,EUR,2026-04-02,2026-04-21,scaduto,https://ted.europa.eu/it/notice/-/detail/232219-2026,https://ted.europa.eu/it/notice/232219-2026/pdf,,aziende,50850000
TED-232234-2026,TED,appalto_servizi,Italia – Pali – Pali c.a.c. (FESO16),Scopo del sistema di qualificazione è di costituire un elenco di Imprese qualificate nel Gruppo Merceologico Paoli c.a.c.. Ulteriori dettagli sono descritti nel documento Requisiti di Base per la qualificazione delle Imprese nel Gruppo Merceologico Pali c.a.c.(codice gruppo merce FESO16) consultabile sul portale Global Procurement di Enel.,Enel SpA,ITA,,,,,EUR,2026-04-02,,attivo,https://ted.europa.eu/it/notice/-/detail/232234-2026,https://ted.europa.eu/it/notice/232234-2026/pdf,,aziende,44212225
TED-232262-2026,TED,dispositivi_medici,Italia – Sistemi diagnostici – Procedura aperta per l’affidamento della fornitura in service di sistemi analitici per FIT (Faecal Immunochemical Testing) 4,Fornitura in service di sistemi analitici per FIT (Faecal Immunochemical Testing),INTERCENT-ER AGENZIA REGIONALE DI SVILUPPO DEI MERCATI TELEMATICI,ITA,,,,4604760.0,EUR,2026-04-02,2026-05-22,attivo,https://ted.europa.eu/it/notice/-/detail/232262-2026,https://ted.europa.eu/it/notice/232262-2026/pdf,medicale,aziende,33124110
TED-232279-2026,TED,servizi_professionali,Italia – Servizi architettonici e servizi affini – FSC 2014-2020. CONTRATTO ISTITUZIONALE DI SVILUPPO VESUVIO - POMPEI – NAPOLI. Procedura aperta telematica ai sensi dell’art. 71 d.lgs. n. 36/2023 e s.m.i. per l’affidamento dei servizi di ingegneria e architettura relativi alla progettazione di fattibilità tecnica ed economica (PFTE) per l’intervento di restauro e valorizzazione del sito storico del Complesso Medievale di Pino a Pimonte.,FSC 2014-2020. CONTRATTO ISTITUZIONALE DI SVILUPPO VESUVIO - POMPEI – NAPOLI. Procedura aperta telematica ai sensi dell’art. 71 d.lgs. n. 36/2023 e s.m.i. per l’affidamento dei servizi di ingegneria e architettura di progettazione di fattibilità tecnica ed economica (PFTE) da porre a base di gara per l’appalto integrato dei lavori di restauro e valorizzazione del sito storico del Complesso Medievale di Pino a Pimonte.,Comune di Pimonte,ITA,,,,238123.9,EUR,2026-04-02,,attivo,https://ted.europa.eu/it/notice/-/detail/232279-2026,https://ted.europa.eu/it/notice/232279-2026/pdf,ingegneria,aziende,71200000
